frame_id,track_id,vehicle_type,vehicle_bbox_x1,vehicle_bbox_y1,vehicle_bbox_x2,vehicle_bbox_y2,plate_bbox_x1,plate_bbox_y1,plate_bbox_x2,plate_bbox_y2,plate_confidence,detect_inference_ms,ocr_ran,ocr_raw_text,ocr_confidence,ocr_validated_plate,ocr_status,ocr_inference_ms
5,1,motorcycle,256,535,587,913,308,656,395,694,0.434,982.7,True,17059280,0.585,,rejected,84.0
5,2,car,1118,411,1227,516,1141,476,1174,489,0.568,982.7,True,,,,no_text,9.5
5,3,motorcycle,1058,439,1135,557,,,,,,982.7,False,,,,,
5,4,auto,1274,348,1817,1053,1468,659,1553,712,0.743,982.7,True,TN03D9766,0.970,TN03D9766,accepted,49.3
5,5,motorcycle,921,415,960,478,,,,,,982.7,False,,,,,
10,2,car,1093,417,1211,531,1115,488,1152,503,0.532,56.1,True,,,,no_text,9.3
10,3,motorcycle,1018,446,1108,584,,,,,,56.1,False,,,,,
10,4,auto,1271,359,1816,1067,1467,675,1550,724,0.697,56.1,True,TN03D9766,0.990,TN03D9766,accepted,38.8
15,2,car,1061,417,1191,541,1083,494,1125,510,0.595,55.0,True,,,,no_text,9.8
15,3,motorcycle,959,448,1070,618,969,519,1004,536,0.248,55.0,True,,,,no_text,18.1
15,4,auto,1274,359,1823,1072,1471,672,1553,723,0.722,55.0,True,TN03D9766,0.980,TN03D9766,accepted,38.3
20,2,car,1018,412,1171,558,1042,506,1093,525,0.653,43.7,True,,,,no_text,36.3
20,3,motorcycle,872,458,1011,672,872,553,917,577,0.495,43.7,True,FLOY,0.511,,rejected,25.4
20,4,auto,1277,362,1822,1071,1472,675,1555,724,0.710,43.7,True,TN03D9766,0.987,TN03D9766,accepted,37.3
20,6,car,1146,415,1205,476,,,,,,43.7,False,,,,,
25,2,car,959,411,1143,585,981,523,1044,546,0.514,43.7,True,THIEILZOCA,0.680,,rejected,27.9
25,4,auto,1281,361,1824,1066,1479,671,1563,724,0.737,43.7,True,TN03D9766,0.980,TN03D9766,accepted,67.5
25,6,car,1134,414,1199,480,,,,,,43.7,False,,,,,
30,2,car,901,410,1113,610,930,542,999,564,0.641,43.0,True,TN10BL7364,0.838,TN10BL7364,accepted,40.7
30,4,auto,1282,361,1825,1067,1479,668,1563,722,0.736,43.0,True,TN03D9766,0.971,TN03D9766,accepted,37.7
30,6,car,1119,413,1189,485,,,,,,43.0,False,,,,,
30,1,motorcycle,112,522,596,1075,148,794,259,858,0.724,43.0,True,CINI0CC0947,0.763,TN10CC0947,accepted,37.2
35,2,car,840,408,1083,635,871,559,950,584,0.653,43.2,True,ETNTOBL7354,0.693,,rejected,29.3
35,4,auto,1283,361,1824,1064,1480,667,1564,721,0.743,43.2,True,TN03D9766,0.988,TN03D9766,accepted,37.9
35,6,car,1107,411,1182,488,,,,,,43.2,False,,,,,
40,2,car,731,404,1034,684,738,601,841,635,0.701,43.2,True,TN108L7364,0.895,TN10BL7364,accepted,28.8
40,4,auto,1284,360,1825,1061,1480,661,1566,720,0.748,43.2,True,TN03D9766,0.980,TN03D9766,accepted,37.6
40,6,car,1091,409,1173,492,,,,,,43.2,False,,,,,
45,2,car,599,398,977,741,590,645,719,686,0.727,43.3,True,TN10BL7364,0.973,TN10BL7364,accepted,29.6
45,4,auto,1284,357,1827,1060,1482,661,1568,718,0.767,43.3,True,TN03D9766,0.981,TN03D9766,accepted,37.9
45,6,car,1077,406,1167,495,1093,445,1126,458,0.311,43.3,True,,,,no_text,9.0
45,11,car,1214,389,1235,411,,,,,,43.3,False,,,,,
50,2,car,401,387,901,833,338,719,504,775,0.772,43.2,True,TN10BL7364,0.967,TN10BL7364,accepted,29.0
50,4,auto,1284,354,1826,1057,1481,653,1566,715,0.778,43.2,True,TN03D9766,0.985,TN03D9766,accepted,37.6
50,6,car,1060,399,1159,497,,,,,,43.2,False,,,,,
50,11,car,1213,387,1235,410,,,,,,43.2,False,,,,,
55,4,auto,1283,355,1823,1053,1480,654,1565,715,0.778,43.3,True,TN03D9766,0.977,TN03D9766,accepted,39.9
55,6,car,1039,395,1150,503,,,,,,43.3,False,,,,,
55,11,car,1212,387,1234,411,,,,,,43.3,False,,,,,
55,12,motorcycle,1255,393,1270,416,,,,,,43.3,False,,,,,
55,1,car,76,384,706,1083,,,,,,43.3,False,,,,,
60,4,auto,1288,351,1827,1047,1484,657,1570,709,0.768,45.2,True,TN03D9766,0.979,TN03D9766,accepted,51.8
60,6,car,1015,392,1137,510,1032,445,1077,459,0.239,45.2,True,,,,no_text,10.4
60,11,car,1212,385,1235,410,,,,,,45.2,False,,,,,
60,1,car,-20,359,615,1083,,,,,,45.2,False,,,,,
65,4,auto,1284,347,1823,1043,1480,652,1567,706,0.717,42.9,True,TN03D9766,0.960,TN03D9766,accepted,39.4
65,6,car,981,385,1118,516,999,467,1039,484,0.250,42.9,True,,,,no_text,8.8
65,11,car,1205,381,1231,408,,,,,,42.9,False,,,,,
70,4,auto,1297,345,1837,1041,1499,649,1586,701,0.731,42.6,True,TN03D9766,0.983,TN03D9766,accepted,39.1
70,6,car,951,376,1107,524,975,470,1020,484,0.634,42.6,True,,,,no_text,28.1
70,11,car,1211,377,1237,404,,,,,,42.6,False,,,,,
70,15,car,1096,389,1163,465,,,,,,42.6,False,,,,,
75,4,auto,1324,342,1866,1039,1532,647,1618,699,0.737,42.3,True,TN03D9766,0.964,TN03D9766,accepted,39.3
75,6,car,912,366,1099,538,933,481,989,497,0.690,42.3,True,,,,no_text,43.2
75,15,car,1102,382,1177,468,,,,,,42.3,False,,,,,
80,4,auto,1346,340,1890,1037,1554,647,1641,698,0.778,42.3,True,TN03D9766,0.987,TN03D9766,accepted,40.7
80,6,car,868,357,1087,556,888,491,953,510,0.673,42.3,True,,,,no_text,29.0
80,15,truck,1105,377,1187,470,,,,,,42.3,False,,,,,
85,4,auto,1363,339,1907,1034,1567,641,1653,692,0.771,42.8,True,TN03D9766,0.977,TN03D9766,accepted,39.4
85,6,car,814,347,1069,575,828,504,900,523,0.706,42.8,True,ETRO9CXSOGO,0.748,TR09CX5060,accepted,44.7
90,4,auto,1371,335,1916,1032,1574,637,1661,690,0.756,42.4,True,TN03D9766,0.966,TN03D9766,accepted,52.8
90,6,car,722,336,1031,606,713,530,801,554,0.699,42.4,True,INO9CX5000,0.843,TN09CX5000,accepted,29.8
90,18,car,1270,367,1297,394,,,,,,42.4,False,,,,,
90,15,bus,1094,366,1185,472,1115,439,1130,452,0.263,42.4,True,,,,no_text,13.4
95,4,auto,1374,331,1920,1028,1574,629,1662,686,0.793,42.5,True,TN03D9766,0.982,TN03D9766,accepted,39.1
95,18,car,1268,365,1296,393,,,,,,42.5,False,,,,,
95,21,motorcycle,1328,369,1341,394,,,,,,42.5,False,,,,,
95,15,bus,1059,360,1164,481,1068,444,1089,459,0.353,42.5,True,,,,no_text,7.0
95,1,car,253,293,753,802,214,628,366,681,0.731,42.5,True,THO9CX5000,0.905,TN09CX5000,accepted,27.6
100,4,auto,1374,328,1923,1030,1574,630,1663,687,0.783,42.3,True,TN03D9766,0.986,TN03D9766,accepted,38.8
100,18,car,1267,366,1295,394,,,,,,42.3,False,,,,,
100,21,motorcycle,1327,369,1340,395,,,,,,42.3,False,,,,,
100,15,bus,1024,354,1142,490,1036,453,1058,468,0.236,42.3,True,,,,no_text,6.8
100,1,car,67,264,776,979,,,,,,42.3,False,,,,,
105,4,auto,1374,328,1923,1031,1573,631,1661,687,0.787,42.2,True,TN03D9766,0.972,TN03D9766,accepted,39.0
105,18,car,1265,366,1294,395,,,,,,42.2,False,,,,,
105,21,motorcycle,1326,370,1339,395,,,,,,42.2,False,,,,,
105,15,bus,982,350,1115,503,,,,,,42.2,False,,,,,
105,1,car,-35,217,695,986,,,,,,42.2,False,,,,,
110,4,auto,1374,329,1922,1029,1573,629,1662,687,0.787,42.4,True,TN03D9766,0.988,TN03D9766,accepted,39.0
110,18,car,1261,367,1291,398,,,,,,42.4,False,,,,,
110,21,motorcycle,1326,371,1339,397,,,,,,42.4,False,,,,,
110,15,bus,909,341,1070,526,902,477,933,499,0.227,42.4,True,,,,no_text,6.8
115,4,auto,1371,326,1923,1031,1576,629,1665,686,0.786,42.5,True,TN03D9766,0.992,TN03D9766,accepted,39.0
115,18,car,1259,367,1292,399,,,,,,42.5,False,,,,,
115,21,motorcycle,1327,370,1341,397,,,,,,42.5,False,,,,,
115,15,bus,839,332,1027,548,,,,,,42.5,False,,,,,
115,28,motorcycle,1396,392,1412,416,,,,,,42.5,False,,,,,
115,29,car,1359,382,1386,407,,,,,,42.5,False,,,,,
115,6,auto,755,331,1022,570,,,,,,42.5,False,,,,,
120,4,auto,1369,325,1923,1032,1574,626,1662,686,0.797,42.4,True,TN03D9766,0.971,TN03D9766,accepted,38.9
120,18,car,1256,368,1289,401,,,,,,42.4,False,,,,,
120,21,motorcycle,1325,370,1340,398,,,,,,42.4,False,,,,,
120,28,motorcycle,1394,393,1410,417,,,,,,42.4,False,,,,,
120,29,car,1359,383,1386,407,,,,,,42.4,False,,,,,
120,6,van,674,322,972,595,,,,,,42.4,False,,,,,
125,4,auto,1369,322,1923,1032,1576,627,1663,680,0.760,42.4,True,TN03D9766,0.974,TN03D9766,accepted,39.6
125,18,car,1252,367,1287,400,,,,,,42.4,False,,,,,
125,21,motorcycle,1324,368,1339,396,,,,,,42.4,False,,,,,
125,28,motorcycle,1393,389,1409,413,,,,,,42.4,False,,,,,
125,29,car,1359,380,1385,404,,,,,,42.4,False,,,,,
125,6,auto,521,306,885,643,,,,,,42.4,False,,,,,
130,4,auto,1369,319,1923,1028,1577,624,1664,677,0.745,42.0,True,TN03D9766,0.975,TN03D9766,accepted,52.6
130,18,car,1249,365,1285,400,,,,,,42.0,False,,,,,
130,21,motorcycle,1323,366,1338,394,,,,,,42.0,False,,,,,
130,28,motorcycle,1393,386,1408,410,,,,,,42.0,False,,,,,
130,29,car,1357,376,1385,402,,,,,,42.0,False,,,,,
130,1,auto,161,259,669,784,,,,,,42.0,False,,,,,
135,4,auto,1369,319,1922,1028,1578,626,1665,678,0.762,40.9,True,TN03D9766,0.983,TN03D9766,accepted,39.5
135,18,car,1247,365,1285,401,,,,,,40.9,False,,,,,
135,21,motorcycle,1323,366,1339,395,,,,,,40.9,False,,,,,
135,28,motorcycle,1392,384,1408,409,,,,,,40.9,False,,,,,
135,29,car,1356,373,1386,402,,,,,,40.9,False,,,,,
140,4,auto,1368,319,1923,1030,1579,628,1666,679,0.761,40.7,True,TN03D9766,0.994,TN03D9766,accepted,39.3
140,18,car,1246,367,1285,404,,,,,,40.7,False,,,,,
140,21,motorcycle,1325,369,1339,396,,,,,,40.7,False,,,,,
140,28,motorcycle,1393,386,1409,409,,,,,,40.7,False,,,,,
140,29,car,1356,375,1385,402,,,,,,40.7,False,,,,,
145,4,auto,1368,318,1922,1028,1577,626,1663,678,0.744,41.6,True,TN03D9766,0.985,TN03D9766,accepted,39.6
145,18,car,1243,368,1284,406,,,,,,41.6,False,,,,,
145,21,motorcycle,1324,370,1339,397,,,,,,41.6,False,,,,,
145,28,motorcycle,1393,385,1408,409,,,,,,41.6,False,,,,,
150,4,auto,1367,317,1921,1027,1574,626,1661,679,0.765,36.1,True,TN03D9766,0.984,TN03D9766,accepted,39.2
150,18,car,1238,370,1282,411,,,,,,36.1,False,,,,,
150,21,motorcycle,1323,371,1338,399,,,,,,36.1,False,,,,,
150,28,motorcycle,1391,386,1406,410,,,,,,36.1,False,,,,,
155,4,auto,1366,316,1921,1026,1574,624,1662,678,0.766,36.7,True,TN03D9766,0.988,TN03D9766,accepted,54.2
155,18,car,1235,372,1279,414,,,,,,36.7,False,,,,,
155,21,motorcycle,1322,372,1338,400,,,,,,36.7,False,,,,,
155,28,motorcycle,1389,386,1404,410,,,,,,36.7,False,,,,,
160,4,auto,1367,317,1920,1025,1575,624,1662,676,0.743,38.3,True,TN03D9766,0.984,TN03D9766,accepted,39.2
160,18,car,1231,375,1276,417,,,,,,38.3,False,,,,,
160,21,motorcycle,1321,372,1338,402,,,,,,38.3,False,,,,,
160,28,motorcycle,1388,386,1403,411,,,,,,38.3,False,,,,,
165,4,auto,1366,314,1920,1024,1573,621,1660,674,0.755,37.6,True,TN03D9766,0.977,TN03D9766,accepted,39.4
165,18,car,1226,377,1272,419,,,,,,37.6,False,,,,,
165,21,motorcycle,1318,371,1335,402,,,,,,37.6,False,,,,,
165,28,motorcycle,1384,384,1400,409,,,,,,37.6,False,,,,,
170,4,auto,1364,315,1918,1023,1570,622,1657,674,0.794,37.3,True,TN03D9766,0.988,TN03D9766,accepted,39.2
170,18,car,1218,377,1267,422,,,,,,37.3,False,,,,,
170,21,motorcycle,1313,372,1331,404,,,,,,37.3,False,,,,,
170,28,motorcycle,1381,385,1396,409,,,,,,37.3,False,,,,,
170,29,car,1349,372,1377,399,,,,,,37.3,False,,,,,
175,4,auto,1364,316,1918,1024,1572,624,1658,676,0.793,37.3,True,TN03D9766,0.989,TN03D9766,accepted,39.2
175,18,car,1214,380,1265,425,,,,,,37.3,False,,,,,
175,21,motorcycle,1312,374,1331,407,,,,,,37.3,False,,,,,
175,28,motorcycle,1380,387,1396,411,,,,,,37.3,False,,,,,
180,4,auto,1364,315,1918,1023,1573,622,1660,674,0.772,38.6,True,TN03D9766,0.970,TN03D9766,accepted,39.3
180,18,car,1208,379,1263,427,,,,,,38.6,False,,,,,
180,21,motorcycle,1312,374,1331,408,,,,,,38.6,False,,,,,
180,28,motorcycle,1381,386,1397,411,,,,,,38.6,False,,,,,
180,29,car,1349,373,1377,400,,,,,,38.6,False,,,,,
185,4,auto,1364,315,1918,1023,1573,622,1660,674,0.777,32.6,True,TN03D9766,0.983,TN03D9766,accepted,39.4
185,18,car,1204,379,1260,428,,,,,,32.6,False,,,,,
185,21,motorcycle,1312,375,1331,409,,,,,,32.6,False,,,,,
185,28,motorcycle,1381,386,1397,411,,,,,,32.6,False,,,,,
190,4,auto,1365,317,1917,1022,1574,622,1661,676,0.754,32.5,True,TN03D9766,0.950,TN03D9766,accepted,52.1
190,18,car,1196,380,1257,433,,,,,,32.5,False,,,,,
190,21,motorcycle,1311,377,1331,413,,,,,,32.5,False,,,,,
190,28,motorcycle,1381,388,1397,413,,,,,,32.5,False,,,,,
190,29,car,1348,375,1376,402,,,,,,32.5,False,,,,,
195,4,auto,1365,319,1918,1024,1574,625,1662,680,0.756,32.5,True,TN03D9766,0.962,TN03D9766,accepted,52.0
195,18,car,1189,382,1254,439,,,,,,32.5,False,,,,,
195,21,motorcycle,1311,381,1331,418,,,,,,32.5,False,,,,,
195,28,motorcycle,1381,390,1398,417,,,,,,32.5,False,,,,,
195,29,car,1348,378,1376,405,,,,,,32.5,False,,,,,
200,4,auto,1364,319,1918,1025,1573,627,1660,680,0.764,32.5,True,CTN03D9766,0.862,TN03D9766,accepted,52.9
200,18,car,1179,382,1250,443,,,,,,32.5,False,,,,,
200,21,motorcycle,1310,382,1332,422,,,,,,32.5,False,,,,,
200,28,motorcycle,1381,391,1399,419,,,,,,32.5,False,,,,,
200,29,car,1349,379,1375,405,,,,,,32.5,False,,,,,
200,36,car,1297,358,1324,379,,,,,,32.5,False,,,,,
205,4,auto,1365,321,1919,1027,1574,629,1661,684,0.790,33.1,True,TN03D9766,0.967,TN03D9766,accepted,52.3
205,18,car,1169,385,1246,450,,,,,,33.1,False,,,,,
205,21,motorcycle,1311,387,1331,426,,,,,,33.1,False,,,,,
205,28,motorcycle,1381,395,1400,423,,,,,,33.1,False,,,,,
205,29,car,1349,381,1375,408,,,,,,33.1,False,,,,,
205,36,car,1296,361,1323,383,,,,,,33.1,False,,,,,
210,4,auto,1367,325,1919,1029,1574,626,1662,685,0.795,32.3,True,TN03D9766,0.972,TN03D9766,accepted,38.8
210,18,car,1159,388,1241,457,,,,,,32.3,False,,,,,
210,21,motorcycle,1310,391,1331,430,,,,,,32.3,False,,,,,
210,28,motorcycle,1382,399,1400,426,,,,,,32.3,False,,,,,
210,36,car,1294,363,1323,386,,,,,,32.3,False,,,,,
215,4,auto,1368,328,1917,1027,1573,627,1661,685,0.790,32.0,True,TN03D9766,0.967,TN03D9766,accepted,38.9
215,18,car,1145,389,1232,462,,,,,,32.0,False,,,,,
215,21,motorcycle,1309,393,1331,434,,,,,,32.0,False,,,,,
215,28,motorcycle,1382,401,1399,428,,,,,,32.0,False,,,,,
215,36,car,1291,364,1322,389,,,,,,32.0,False,,,,,
220,4,auto,1369,327,1919,1027,1575,628,1662,684,0.780,32.3,True,TN03D9766,0.982,TN03D9766,accepted,39.3
220,18,car,1124,389,1221,469,,,,,,32.3,False,,,,,
220,21,motorcycle,1309,394,1331,435,,,,,,32.3,False,,,,,
220,28,motorcycle,1383,401,1401,428,,,,,,32.3,False,,,,,
220,36,car,1288,364,1323,392,,,,,,32.3,False,,,,,
225,4,auto,1369,326,1919,1027,1575,628,1662,684,0.784,32.1,True,TN03D9766,0.982,TN03D9766,accepted,39.0
225,18,car,1100,386,1211,476,,,,,,32.1,False,,,,,
225,21,motorcycle,1310,396,1332,437,,,,,,32.1,False,,,,,
225,28,motorcycle,1384,402,1402,429,,,,,,32.1,False,,,,,
225,36,car,1286,364,1322,394,,,,,,32.1,False,,,,,
225,29,car,1351,383,1378,411,,,,,,32.1,False,,,,,
230,4,auto,1369,324,1920,1026,1574,627,1661,684,0.795,32.6,True,TN03D9766,0.987,TN03D9766,accepted,39.0
230,18,car,1077,387,1197,484,1095,450,1135,463,0.377,32.6,True,,,,no_text,10.1
230,21,motorcycle,1309,396,1331,438,,,,,,32.6,False,,,,,
230,28,motorcycle,1383,402,1402,430,,,,,,32.6,False,,,,,
230,36,car,1282,363,1321,395,,,,,,32.6,False,,,,,
235,4,auto,1369,324,1920,1026,1575,628,1662,683,0.781,32.8,True,TN03D9766,0.968,TN03D9766,accepted,51.8
235,18,car,1049,387,1182,493,1069,457,1113,470,0.571,32.8,True,,,,no_text,10.9
235,21,motorcycle,1309,396,1332,439,,,,,,32.8,False,,,,,
235,28,motorcycle,1384,402,1403,431,,,,,,32.8,False,,,,,
235,36,car,1280,362,1320,396,,,,,,32.8,False,,,,,
240,4,auto,1370,325,1921,1028,1576,628,1663,684,0.783,32.6,True,TN03D9766,0.964,TN03D9766,accepted,38.9
240,18,car,1012,387,1163,506,1028,466,1077,481,0.514,32.6,True,,,,no_text,10.7
240,21,motorcycle,1309,399,1332,442,,,,,,32.6,False,,,,,
240,28,motorcycle,1383,403,1403,434,,,,,,32.6,False,,,,,
240,36,car,1279,364,1319,398,,,,,,32.6,False,,,,,
245,4,auto,1370,328,1922,1032,1577,631,1665,685,0.784,31.9,True,TN03D9766,0.975,TN03D9766,accepted,39.5
245,18,car,966,387,1140,523,979,480,1032,496,0.619,31.9,True,,,,no_text,10.8
245,21,motorcycle,1310,403,1332,445,,,,,,31.9,False,,,,,
245,28,motorcycle,1382,405,1403,437,,,,,,31.9,False,,,,,
245,36,car,1279,369,1316,401,,,,,,31.9,False,,,,,
250,4,auto,1374,329,1922,1030,1579,631,1668,686,0.777,32.5,True,TN03D9766,0.976,TN03D9766,accepted,39.4
250,18,car,904,387,1109,546,913,497,973,516,0.629,32.5,True,,,,no_text,29.1
250,21,motorcycle,1309,403,1333,446,,,,,,32.5,False,,,,,
250,28,motorcycle,1381,406,1403,440,,,,,,32.5,False,,,,,
250,36,car,1278,372,1315,403,,,,,,32.5,False,,,,,
255,4,auto,1374,328,1923,1031,1582,632,1673,686,0.789,32.5,True,TN03D9766,0.986,TN03D9766,accepted,52.8
255,18,car,819,386,1070,577,817,521,890,544,0.690,32.5,True,TN41AR002,0.712,TN41AR002,accepted,28.6
255,21,motorcycle,1310,403,1335,448,,,,,,32.5,False,,,,,
255,28,motorcycle,1378,403,1404,443,,,,,,32.5,False,,,,,
255,36,car,1278,373,1316,405,,,,,,32.5,False,,,,,
260,4,auto,1374,328,1924,1033,1585,631,1674,685,0.791,31.9,True,TN03D9766,0.972,TN03D9766,accepted,52.3
260,18,car,694,384,1010,621,664,559,756,588,0.684,31.9,True,TNA1AR0082,0.903,,rejected,28.6
260,21,motorcycle,1311,404,1336,449,,,,,,31.9,False,,,,,
260,28,motorcycle,1377,404,1403,445,,,,,,31.9,False,,,,,
260,36,car,1278,373,1317,407,,,,,,31.9,False,,,,,
265,4,auto,1377,328,1926,1034,1591,623,1680,684,0.777,32.3,True,TN03D9766,0.975,TN03D9766,accepted,38.7
265,21,motorcycle,1313,406,1338,452,,,,,,32.3,False,,,,,
265,28,motorcycle,1377,404,1404,447,,,,,,32.3,False,,,,,
265,36,car,1281,376,1320,411,,,,,,32.3,False,,,,,
265,1,car,169,374,722,838,141,684,285,735,0.744,32.3,True,TN41AR0082,0.958,TN41AR0082,accepted,27.7
270,4,auto,1381,328,1927,1033,1594,622,1684,684,0.765,32.9,True,TN03D9766,0.982,TN03D9766,accepted,39.3
270,21,motorcycle,1314,405,1340,453,,,,,,32.9,False,,,,,
270,28,motorcycle,1376,405,1404,448,,,,,,32.9,False,,,,,
270,36,car,1281,376,1323,414,,,,,,32.9,False,,,,,
270,1,car,-3,374,700,1001,,,,,,32.9,False,,,,,
275,4,auto,1383,328,1928,1033,1597,628,1687,685,0.759,31.5,True,TN03D9766,0.986,TN03D9766,accepted,38.9
275,21,motorcycle,1313,407,1340,455,,,,,,31.5,False,,,,,
275,28,motorcycle,1375,407,1401,449,,,,,,31.5,False,,,,,
275,36,car,1281,379,1323,416,,,,,,31.5,False,,,,,
280,4,auto,1385,327,1928,1033,1598,628,1689,685,0.763,32.4,True,TN03D9766,0.991,TN03D9766,accepted,52.8
280,21,motorcycle,1309,407,1337,456,,,,,,32.4,False,,,,,
280,28,motorcycle,1372,408,1399,450,,,,,,32.4,False,,,,,
280,36,car,1279,379,1322,418,,,,,,32.4,False,,,,,
285,4,auto,1386,326,1928,1032,1598,630,1688,685,0.765,32.6,True,TN03D9766,0.991,TN03D9766,accepted,52.0
285,21,motorcycle,1306,406,1334,457,,,,,,32.6,False,,,,,
285,28,motorcycle,1368,408,1396,451,,,,,,32.6,False,,,,,
285,36,car,1276,381,1320,421,,,,,,32.6,False,,,,,
290,4,auto,1385,325,1927,1033,1594,626,1685,685,0.751,32.1,True,TN03D9766,0.985,TN03D9766,accepted,38.8
290,21,motorcycle,1300,407,1330,460,,,,,,32.1,False,,,,,
290,28,motorcycle,1363,409,1391,453,,,,,,32.1,False,,,,,
290,36,car,1271,384,1315,424,,,,,,32.1,False,,,,,
295,4,auto,1386,326,1925,1033,1596,630,1686,685,0.754,32.4,True,TN03D9766,0.982,TN03D9766,accepted,39.0
295,21,motorcycle,1295,408,1325,462,,,,,,32.4,False,,,,,
295,28,motorcycle,1358,410,1387,455,,,,,,32.4,False,,,,,
295,36,car,1267,386,1310,427,,,,,,32.4,False,,,,,
295,48,motorcycle,1324,381,1339,406,,,,,,32.4,False,,,,,
300,4,auto,1387,325,1925,1032,1598,631,1687,684,0.756,32.5,True,TN03D9766,0.981,TN03D9766,accepted,52.0
300,21,motorcycle,1289,409,1320,464,,,,,,32.5,False,,,,,
300,28,motorcycle,1354,410,1384,456,,,,,,32.5,False,,,,,
300,36,car,1263,387,1308,429,,,,,,32.5,False,,,,,
300,48,motorcycle,1325,381,1340,406,,,,,,32.5,False,,,,,
300,49,car,1285,365,1313,393,,,,,,32.5,False,,,,,
305,4,auto,1388,325,1925,1032,1599,629,1688,683,0.747,32.6,True,TN03D9766,0.964,TN03D9766,accepted,52.4
305,21,motorcycle,1283,409,1315,466,,,,,,32.6,False,,,,,
305,28,motorcycle,1351,411,1380,458,,,,,,32.6,False,,,,,
305,36,car,1258,390,1301,432,,,,,,32.6,False,,,,,
305,48,motorcycle,1326,382,1340,407,,,,,,32.6,False,,,,,
305,49,car,1284,366,1312,394,,,,,,32.6,False,,,,,
310,4,auto,1388,325,1924,1030,1595,629,1685,684,0.737,32.3,True,TN03D9766,0.958,TN03D9766,accepted,52.9
310,21,motorcycle,1276,410,1309,469,,,,,,32.3,False,,,,,
310,28,motorcycle,1346,410,1377,460,,,,,,32.3,False,,,,,
310,36,car,1252,391,1296,434,,,,,,32.3,False,,,,,
310,48,motorcycle,1324,383,1339,409,,,,,,32.3,False,,,,,
310,49,car,1281,366,1309,394,,,,,,32.3,False,,,,,
315,4,auto,1390,326,1923,1030,1597,629,1686,685,0.761,32.3,True,TN03D9766,0.983,TN03D9766,accepted,39.2
315,21,motorcycle,1269,410,1305,472,,,,,,32.3,False,,,,,
315,28,motorcycle,1343,411,1375,463,,,,,,32.3,False,,,,,
315,36,car,1247,392,1291,437,,,,,,32.3,False,,,,,
315,48,motorcycle,1325,385,1341,413,,,,,,32.3,False,,,,,
315,49,car,1280,367,1308,395,,,,,,32.3,False,,,,,
320,4,auto,1389,325,1923,1029,1595,626,1684,683,0.738,33.8,True,TN03D9766,0.986,TN03D9766,accepted,39.1
320,21,motorcycle,1262,409,1300,475,,,,,,33.8,False,,,,,
320,28,motorcycle,1338,411,1371,465,,,,,,33.8,False,,,,,
320,48,motorcycle,1325,387,1342,417,,,,,,33.8,False,,,,,
320,49,car,1277,367,1305,396,,,,,,33.8,False,,,,,
320,60,car,1382,388,1407,413,,,,,,33.8,False,,,,,
325,4,auto,1389,324,1922,1029,1597,628,1686,684,0.744,32.0,True,TN03D9766,0.965,TN03D9766,accepted,51.8
325,21,motorcycle,1253,407,1295,478,,,,,,32.0,False,,,,,
325,28,motorcycle,1334,412,1368,467,,,,,,32.0,False,,,,,
325,49,car,1274,367,1304,398,,,,,,32.0,False,,,,,
325,60,car,1383,387,1409,413,,,,,,32.0,False,,,,,
330,4,auto,1389,324,1922,1029,1593,627,1681,684,0.759,32.3,True,TN03D9766,0.987,TN03D9766,accepted,39.3
330,21,motorcycle,1245,410,1289,483,,,,,,32.3,False,,,,,
330,28,motorcycle,1327,411,1364,470,,,,,,32.3,False,,,,,
330,49,car,1269,367,1302,400,,,,,,32.3,False,,,,,
330,60,car,1382,386,1408,412,,,,,,32.3,False,,,,,
335,4,auto,1389,324,1922,1029,1596,629,1686,684,0.751,32.6,True,TN03D9766,0.958,TN03D9766,accepted,39.2
335,21,motorcycle,1240,411,1286,487,,,,,,32.6,False,,,,,
335,28,motorcycle,1321,411,1359,473,,,,,,32.6,False,,,,,
335,49,car,1266,366,1302,402,,,,,,32.6,False,,,,,
335,60,car,1380,385,1408,414,,,,,,32.6,False,,,,,
340,4,auto,1390,324,1921,1029,1597,628,1686,683,0.751,32.2,True,TN03D9766,0.988,TN03D9766,accepted,52.3
340,21,motorcycle,1234,413,1282,490,,,,,,32.2,False,,,,,
340,28,motorcycle,1313,412,1353,476,,,,,,32.2,False,,,,,
340,49,car,1266,368,1302,404,,,,,,32.2,False,,,,,
340,60,car,1379,385,1408,414,,,,,,32.2,False,,,,,
345,4,auto,1390,325,1921,1029,1595,630,1685,684,0.745,32.5,True,TN03D9766,0.986,TN03D9766,accepted,53.4
345,21,motorcycle,1223,415,1275,497,,,,,,32.5,False,,,,,
345,28,motorcycle,1303,414,1345,480,,,,,,32.5,False,,,,,
345,49,car,1265,371,1299,405,,,,,,32.5,False,,,,,
345,60,car,1379,386,1409,415,,,,,,32.5,False,,,,,
345,48,motorcycle,1328,394,1347,426,,,,,,32.5,False,,,,,
350,4,auto,1390,325,1921,1029,1596,629,1685,682,0.728,33.8,True,TN03D9766,0.984,TN03D9766,accepted,51.9
350,21,motorcycle,1212,416,1268,503,,,,,,33.8,False,,,,,
350,28,motorcycle,1289,416,1333,485,,,,,,33.8,False,,,,,
350,49,car,1262,373,1297,408,,,,,,33.8,False,,,,,
350,60,car,1380,385,1409,414,,,,,,33.8,False,,,,,
350,48,motorcycle,1330,397,1349,429,,,,,,33.8,False,,,,,
355,4,auto,1390,324,1921,1029,1595,626,1684,682,0.739,35.7,True,TN03D9766,0.990,TN03D9766,accepted,39.1
355,21,motorcycle,1202,419,1261,509,,,,,,35.7,False,,,,,
355,28,motorcycle,1275,414,1324,489,,,,,,35.7,False,,,,,
355,49,car,1260,376,1294,410,,,,,,35.7,False,,,,,
355,60,car,1381,385,1411,414,,,,,,35.7,False,,,,,
355,48,motorcycle,1331,397,1351,432,,,,,,35.7,False,,,,,
360,4,auto,1390,324,1920,1029,1596,629,1686,683,0.735,34.4,True,DTN03D9766,0.827,TN03D9766,accepted,52.4
360,21,motorcycle,1194,421,1257,517,,,,,,34.4,False,,,,,
360,28,motorcycle,1263,413,1314,493,,,,,,34.4,False,,,,,
360,49,car,1257,378,1293,414,,,,,,34.4,False,,,,,
360,60,car,1382,385,1412,414,,,,,,34.4,False,,,,,
360,48,motorcycle,1332,396,1354,434,,,,,,34.4,False,,,,,
365,4,auto,1390,324,1921,1031,1597,629,1687,683,0.729,34.1,True,TN03D9766,0.989,TN03D9766,accepted,53.0
365,21,motorcycle,1186,421,1252,523,,,,,,34.1,False,,,,,
365,28,motorcycle,1252,415,1304,497,,,,,,34.1,False,,,,,
365,60,car,1385,384,1415,413,,,,,,34.1,False,,,,,
365,48,motorcycle,1333,396,1356,435,,,,,,34.1,False,,,,,
370,4,auto,1390,324,1921,1032,1598,629,1688,684,0.761,33.9,True,TN03D9766,0.985,TN03D9766,accepted,39.5
370,21,motorcycle,1175,425,1245,533,,,,,,33.9,False,,,,,
370,28,motorcycle,1240,417,1295,503,,,,,,33.9,False,,,,,
370,60,car,1378,385,1411,415,,,,,,33.9,False,,,,,
370,48,motorcycle,1334,398,1358,439,,,,,,33.9,False,,,,,
370,49,car,1252,380,1292,419,,,,,,33.9,False,,,,,
375,4,auto,1389,327,1918,1031,1595,634,1684,687,0.754,36.9,True,TN03D9766,0.960,TN03D9766,accepted,40.1
375,21,motorcycle,1162,431,1236,547,,,,,,36.9,False,,,,,
375,28,motorcycle,1224,422,1281,510,,,,,,36.9,False,,,,,
375,60,car,1379,389,1409,417,,,,,,36.9,False,,,,,
375,48,motorcycle,1334,402,1358,442,,,,,,36.9,False,,,,,
375,49,car,1251,384,1290,422,,,,,,36.9,False,,,,,
380,4,auto,1391,333,1917,1032,1598,640,1686,690,0.753,38.1,True,TN03D9766,0.986,TN03D9766,accepted,40.5
380,21,motorcycle,1150,438,1230,562,,,,,,38.1,False,,,,,
380,28,motorcycle,1212,427,1270,520,,,,,,38.1,False,,,,,
380,60,car,1377,393,1408,421,,,,,,38.1,False,,,,,
380,48,motorcycle,1336,404,1361,446,,,,,,38.1,False,,,,,
380,49,car,1249,390,1288,428,,,,,,38.1,False,,,,,
385,4,auto,1391,335,1917,1033,1599,638,1687,689,0.773,34.2,True,TN03D9766,0.984,TN03D9766,accepted,55.0
385,21,motorcycle,1130,439,1218,579,,,,,,34.2,False,,,,,
385,28,motorcycle,1197,430,1258,527,,,,,,34.2,False,,,,,
385,60,car,1377,394,1407,421,,,,,,34.2,False,,,,,
385,48,motorcycle,1339,404,1364,448,,,,,,34.2,False,,,,,
385,49,car,1246,392,1288,431,,,,,,34.2,False,,,,,
385,74,car,1097,400,1168,488,,,,,,34.2,False,,,,,
390,4,auto,1391,333,1919,1034,1601,638,1689,689,0.784,34.5,True,TN03D9766,0.963,TN03D9766,accepted,39.4
390,21,motorcycle,1109,437,1209,596,,,,,,34.5,False,,,,,
390,28,motorcycle,1184,432,1246,532,,,,,,34.5,False,,,,,
390,60,car,1385,394,1415,421,,,,,,34.5,False,,,,,
390,48,motorcycle,1342,405,1368,449,,,,,,34.5,False,,,,,
390,49,car,1244,394,1287,434,,,,,,34.5,False,,,,,
390,74,car,1074,396,1153,495,,,,,,34.5,False,,,,,
395,4,auto,1393,333,1921,1034,1606,637,1694,690,0.746,33.3,True,TN03D9766,0.991,TN03D9766,accepted,53.2
395,21,motorcycle,1083,446,1193,621,,,,,,33.3,False,,,,,
395,28,motorcycle,1167,435,1234,544,,,,,,33.3,False,,,,,
395,60,car,1391,394,1420,420,,,,,,33.3,False,,,,,
395,48,motorcycle,1348,407,1374,451,,,,,,33.3,False,,,,,
395,49,car,1243,395,1289,438,,,,,,33.3,False,,,,,
395,74,car,1043,396,1130,505,,,,,,33.3,False,,,,,
400,4,auto,1395,334,1922,1036,1606,639,1694,691,0.750,33.4,True,TN03D9766,0.956,TN03D9766,accepted,39.1
400,21,motorcycle,1038,409,1184,649,,,,,,33.4,False,,,,,
400,28,motorcycle,1144,437,1220,559,,,,,,33.4,False,,,,,
400,48,motorcycle,1351,406,1378,452,,,,,,33.4,False,,,,,
400,49,car,1241,397,1289,442,,,,,,33.4,False,,,,,
400,74,car,1009,395,1105,514,,,,,,33.4,False,,,,,
405,4,auto,1396,334,1922,1035,1609,634,1699,690,0.770,34.4,True,TN03D9766,0.990,TN03D9766,accepted,38.9
405,21,motorcycle,993,385,1169,683,,,,,,34.4,False,,,,,
405,28,motorcycle,1122,440,1206,576,,,,,,34.4,False,,,,,
405,48,motorcycle,1356,406,1383,454,,,,,,34.4,False,,,,,
405,49,car,1239,399,1289,445,,,,,,34.4,False,,,,,
405,74,car,969,389,1079,526,1029,504,1069,522,0.229,34.4,True,,,,no_text,8.7
405,60,car,1400,395,1428,420,,,,,,34.4,False,,,,,
410,4,auto,1397,333,1924,1036,1612,637,1701,689,0.800,33.5,True,TN03D9766,0.963,TN03D9766,accepted,39.1
410,21,motorcycle,934,439,1114,744,,,,,,33.5,False,,,,,
410,28,motorcycle,1090,441,1190,601,1104,485,1147,506,0.273,33.5,True,N,0.687,,rejected,25.7
410,48,motorcycle,1362,408,1388,455,,,,,,33.5,False,,,,,
410,49,car,1236,401,1287,447,,,,,,33.5,False,,,,,
410,74,car,926,370,1068,542,,,,,,33.5,False,,,,,
410,60,car,1404,394,1433,420,,,,,,33.5,False,,,,,
415,4,auto,1399,334,1925,1038,1616,639,1704,689,0.820,33.0,True,TN03D9766,0.989,TN03D9766,accepted,39.9
415,21,motorcycle,841,476,1052,829,,,,,,33.0,False,,,,,
415,28,motorcycle,1061,445,1176,628,1081,493,1131,518,0.357,33.0,True,,,,no_text,25.9
415,48,motorcycle,1367,410,1393,456,,,,,,33.0,False,,,,,
415,49,car,1233,402,1286,450,,,,,,33.0,False,,,,,
415,74,car,926,380,1068,553,,,,,,33.0,False,,,,,
415,60,car,1410,394,1439,420,,,,,,33.0,False,,,,,
420,4,auto,1403,334,1926,1036,1622,638,1709,689,0.759,33.0,True,TN03D9766,0.986,TN03D9766,accepted,39.3
420,21,motorcycle,706,507,977,955,,,,,,33.0,False,,,,,
420,28,motorcycle,1028,436,1168,659,1054,508,1108,535,0.489,33.0,True,,,,no_text,8.2
420,48,motorcycle,1373,410,1400,457,,,,,,33.0,False,,,,,
420,49,car,1231,401,1287,451,,,,,,33.0,False,,,,,
420,74,car,872,387,1032,580,,,,,,33.0,False,,,,,
420,60,car,1414,395,1442,420,,,,,,33.0,False,,,,,
425,4,auto,1407,333,1929,1036,1628,638,1716,688,0.783,33.3,True,TN03D9766,0.985,TN03D9766,accepted,53.6
425,28,motorcycle,991,458,1143,701,1004,525,1070,560,0.471,33.3,True,,,,no_text,25.9
425,48,motorcycle,1381,413,1407,459,,,,,,33.3,False,,,,,
425,49,car,1229,400,1289,453,,,,,,33.3,False,,,,,
425,74,car,741,388,950,631,,,,,,33.3,False,,,,,
425,18,motorcycle,132,590,775,1078,,,,,,33.3,False,,,,,
430,4,auto,1412,333,1931,1035,1633,638,1721,688,0.781,33.0,True,TN03D9766,0.980,TN03D9766,accepted,39.4
430,28,motorcycle,936,476,1112,755,949,550,1019,587,0.511,33.0,True,,,,no_text,8.0
430,48,motorcycle,1387,414,1414,460,,,,,,33.0,False,,,,,
430,49,car,1226,401,1288,456,,,,,,33.0,False,,,,,
430,74,car,539,389,819,693,,,,,,33.0,False,,,,,
430,18,motorcycle,-74,389,710,1086,354,615,468,649,0.661,33.0,True,TH370F3523,0.947,TN37OF3523,accepted,28.8
430,60,car,1427,395,1455,420,,,,,,33.0,False,,,,,
435,4,auto,1417,331,1933,1035,1640,637,1728,689,0.759,33.1,True,TN03D9766,0.985,TN03D9766,accepted,53.1
435,28,motorcycle,861,492,1079,835,870,595,944,634,0.575,33.1,True,TNIOBY5351,0.856,TN10BY5351,accepted,38.7
435,48,motorcycle,1394,413,1421,461,,,,,,33.1,False,,,,,
435,49,car,1223,401,1289,459,,,,,,33.1,False,,,,,
435,18,car,-11,387,691,967,0,703,64,754,0.754,33.1,True,,,,no_text,6.1
435,60,car,1434,396,1462,420,,,,,,33.1,False,,,,,
440,4,auto,1420,329,1935,1036,1647,637,1736,688,0.802,32.8,True,TN03D9766,0.986,TN03D9766,accepted,39.1
440,48,motorcycle,1402,415,1429,462,,,,,,32.8,False,,,,,
440,49,car,1220,400,1291,461,,,,,,32.8,False,,,,,
440,18,car,-83,383,641,1022,,,,,,32.8,False,,,,,
440,60,car,1441,395,1469,419,,,,,,32.8,False,,,,,
440,21,motorcycle,670,527,978,1032,731,659,819,710,0.632,32.8,True,TH108Y5351,0.843,TN10BY5351,accepted,37.8
445,4,auto,1425,328,1936,1035,1653,638,1741,688,0.760,32.8,True,TN03D9766,0.988,TN03D9766,accepted,39.7
445,48,motorcycle,1409,415,1437,463,,,,,,32.8,False,,,,,
445,49,car,1214,401,1288,464,,,,,,32.8,False,,,,,
445,18,motorcycle,60,337,847,1062,345,824,493,902,0.732,32.8,True,TH108Y5351,0.897,TN10BY5351,accepted,39.2
445,60,car,1446,395,1473,419,,,,,,32.8,False,,,,,
450,4,auto,1428,328,1937,1036,1654,637,1742,688,0.764,33.0,True,TN03D9766,0.989,TN03D9766,accepted,39.1
450,48,motorcycle,1415,416,1442,464,,,,,,33.0,False,,,,,
450,49,car,1204,401,1283,468,,,,,,33.0,False,,,,,
450,60,car,1449,395,1476,419,,,,,,33.0,False,,,,,
455,4,auto,1429,327,1935,1037,1653,636,1741,688,0.763,32.7,True,TN03D9766,0.967,TN03D9766,accepted,39.1
455,48,motorcycle,1419,417,1447,465,,,,,,32.7,False,,,,,
455,49,car,1190,401,1276,472,,,,,,32.7,False,,,,,
455,60,car,1450,394,1477,419,,,,,,32.7,False,,,,,
460,4,auto,1428,326,1934,1039,1652,636,1741,689,0.757,32.8,True,TN03D9766,0.980,TN03D9766,accepted,52.3
460,48,motorcycle,1422,416,1451,467,,,,,,32.8,False,,,,,
460,49,car,1174,401,1267,477,,,,,,32.8,False,,,,,
460,60,car,1450,393,1477,418,,,,,,32.8,False,,,,,
465,4,auto,1429,325,1933,1039,1652,637,1740,689,0.765,33.0,True,TN03D9766,0.987,TN03D9766,accepted,39.2
465,48,motorcycle,1425,418,1455,468,,,,,,33.0,False,,,,,
465,49,car,1156,401,1257,483,1173,451,1201,463,0.288,33.0,True,,,,no_text,8.8
465,60,car,1451,392,1481,419,,,,,,33.0,False,,,,,
470,4,auto,1430,325,1931,1039,1650,637,1740,689,0.787,32.7,True,TN03D9766,0.979,TN03D9766,accepted,39.1
470,48,motorcycle,1428,419,1458,469,,,,,,32.7,False,,,,,
470,49,car,1135,401,1244,489,1151,460,1184,473,0.567,32.7,True,,,,no_text,9.0
470,60,car,1451,393,1481,420,,,,,,32.7,False,,,,,
475,4,auto,1431,325,1929,1037,1649,636,1739,688,0.811,32.8,True,TN03D9766,0.982,TN03D9766,accepted,39.2
475,48,motorcycle,1432,420,1462,470,,,,,,32.8,False,,,,,
475,49,car,1110,400,1231,496,1128,461,1164,474,0.526,32.8,True,,,,no_text,9.7
475,60,car,1451,393,1481,421,,,,,,32.8,False,,,,,
480,4,auto,1432,326,1928,1036,1649,636,1739,688,0.804,32.8,True,TN03D9766,0.978,TN03D9766,accepted,39.3
480,48,motorcycle,1434,419,1465,470,,,,,,32.8,False,,,,,
480,49,car,1082,400,1215,505,1097,467,1135,481,0.472,32.8,True,,,,no_text,9.5
480,60,car,1451,394,1482,422,,,,,,32.8,False,,,,,
485,4,auto,1433,325,1927,1036,1650,635,1740,686,0.780,33.2,True,TN03D9766,0.987,TN03D9766,accepted,54.1
485,48,motorcycle,1437,419,1468,471,,,,,,33.2,False,,,,,
485,49,car,1048,400,1196,515,1064,475,1104,489,0.661,33.2,True,,,,no_text,27.8
485,60,car,1452,393,1483,421,,,,,,33.2,False,,,,,
490,4,auto,1434,324,1926,1033,1652,631,1741,684,0.804,32.9,True,TN03D9766,0.977,TN03D9766,accepted,41.9
490,48,motorcycle,1440,416,1473,471,,,,,,32.9,False,,,,,
490,49,car,1006,399,1173,527,1020,485,1066,500,0.601,32.9,True,,,,no_text,31.0
495,4,auto,1438,323,1928,1033,1657,628,1748,685,0.765,34.1,True,TN03D9766,0.979,TN03D9766,accepted,41.0
495,48,motorcycle,1447,417,1480,472,,,,,,34.1,False,,,,,
495,49,car,956,398,1148,544,967,498,1019,514,0.680,34.1,True,,,,no_text,30.7
500,4,auto,1441,323,1929,1031,1665,630,1755,683,0.784,35.0,True,TN03D9766,0.985,TN03D9766,accepted,54.4
500,48,motorcycle,1454,412,1490,471,,,,,,35.0,False,,,,,
500,49,car,890,395,1115,564,890,513,954,531,0.688,35.0,True,LEONTA53S,0.516,,rejected,32.4
505,4,van,1444,321,1930,1031,1669,629,1758,683,0.801,35.5,True,TN03D9766,0.985,TN03D9766,accepted,55.1
505,48,motorcycle,1462,414,1497,471,,,,,,35.5,False,,,,,
505,49,car,762,394,1049,605,,,,,,35.5,False,,,,,
510,4,auto,1445,321,1928,1030,1668,628,1758,683,0.800,37.0,True,TN03D9766,0.966,TN03D9766,accepted,56.2
510,48,motorcycle,1465,411,1503,472,,,,,,37.0,False,,,,,
510,49,car,589,391,965,661,,,,,,37.0,False,,,,,
515,4,auto,1448,322,1928,1028,1667,629,1757,683,0.793,36.4,True,TN03D9766,0.982,TN03D9766,accepted,42.6
515,48,motorcycle,1467,410,1506,473,,,,,,36.4,False,,,,,
515,18,car,148,388,704,826,79,687,223,739,0.694,36.4,True,,,,no_text,30.4
520,4,auto,1448,324,1926,1029,,,,,,36.2,False,,,,,
520,48,motorcycle,1469,412,1508,474,,,,,,36.2,False,,,,,
520,122,van,1457,322,1919,1019,1667,631,1756,684,0.807,36.2,True,TN03D9766,0.983,TN03D9766,accepted,55.1
520,18,car,-37,387,703,999,,,,,,36.2,False,,,,,
525,4,auto,1446,323,1926,1031,,,,,,37.3,False,,,,,
525,48,motorcycle,1471,413,1511,476,,,,,,37.3,False,,,,,
525,122,van,1455,321,1920,1024,1669,632,1757,685,0.805,37.3,True,TN03D9766,0.983,TN03D9766,accepted,57.7
530,4,auto,1446,322,1925,1031,,,,,,38.6,False,,,,,
530,48,motorcycle,1471,412,1511,475,,,,,,38.6,False,,,,,
530,122,van,1454,319,1922,1025,1668,630,1757,684,0.802,38.6,True,TN03D9766,0.962,TN03D9766,accepted,74.7
535,4,auto,1447,322,1925,1032,,,,,,36.8,False,,,,,
535,48,motorcycle,1472,413,1512,476,,,,,,36.8,False,,,,,
535,122,van,1454,319,1922,1026,1670,628,1759,684,0.804,36.8,True,TN03D9766,0.979,TN03D9766,accepted,38.9
540,4,auto,1448,322,1924,1032,,,,,,38.5,False,,,,,
540,48,motorcycle,1472,413,1512,475,,,,,,38.5,False,,,,,
540,122,van,1455,319,1922,1026,1669,629,1759,683,0.809,38.5,True,TN03D9766,0.991,TN03D9766,accepted,40.8
545,4,auto,1448,323,1924,1032,,,,,,37.7,False,,,,,
545,122,van,1456,320,1922,1025,1670,629,1759,684,0.805,37.7,True,TN03D9766,0.970,TN03D9766,accepted,55.1
550,4,auto,1448,323,1924,1032,,,,,,37.5,False,,,,,
550,122,van,1456,321,1921,1025,1669,631,1758,684,0.802,37.5,True,TN03D9766,0.975,TN03D9766,accepted,39.2
550,124,car,1370,362,1396,386,,,,,,37.5,False,,,,,
555,4,auto,1449,322,1923,1032,,,,,,37.6,False,,,,,
555,122,van,1457,321,1920,1022,1667,632,1757,685,0.805,37.6,True,0TN03D9766,0.833,TN03D9766,accepted,55.2
555,48,motorcycle,1472,417,1511,477,,,,,,37.6,False,,,,,
560,4,auto,1448,323,1922,1032,,,,,,36.6,False,,,,,
560,122,van,1455,322,1920,1027,1667,632,1757,685,0.798,36.6,True,TN03D9766,0.971,TN03D9766,accepted,39.5
560,48,motorcycle,1472,419,1510,478,,,,,,36.6,False,,,,,
565,4,auto,1448,322,1922,1033,,,,,,36.1,False,,,,,
565,122,van,1453,322,1921,1031,1666,635,1756,688,0.755,36.1,True,TN03D9766,0.960,TN03D9766,accepted,42.2
565,48,motorcycle,1472,420,1510,479,,,,,,36.1,False,,,,,
565,124,truck,1363,357,1398,390,,,,,,36.1,False,,,,,
570,4,van,1451,323,1924,1035,,,,,,36.3,False,,,,,
570,122,auto,1453,324,1921,1032,1669,633,1759,686,0.778,36.3,True,TN03D9766,0.982,TN03D9766,accepted,41.7
570,48,motorcycle,1474,422,1511,480,,,,,,36.3,False,,,,,
575,4,auto,1448,323,1922,1035,,,,,,37.5,False,,,,,
575,122,van,1452,323,1921,1034,1665,636,1754,688,0.758,37.5,True,TN03D9766,0.980,TN03D9766,accepted,40.7
575,48,motorcycle,1470,420,1509,481,,,,,,37.5,False,,,,,
580,4,auto,1449,323,1922,1035,,,,,,37.1,False,,,,,
580,122,van,1456,323,1920,1027,1668,636,1757,689,0.764,37.1,True,TN03D9766,0.989,TN03D9766,accepted,40.5
580,48,motorcycle,1472,421,1511,481,,,,,,37.1,False,,,,,
580,124,car,1363,358,1399,393,,,,,,37.1,False,,,,,
585,48,motorcycle,1473,423,1511,483,,,,,,35.1,False,,,,,
590,4,auto,1447,323,1921,1038,1664,638,1753,688,0.775,35.1,True,TN03D9766,0.989,TN03D9766,accepted,41.1
595,4,auto,1446,326,1921,1042,1660,643,1747,692,0.775,35.5,True,TN03D9766,0.977,TN03D9766,accepted,41.0
600,4,auto,1442,328,1917,1044,1649,642,1738,694,0.781,32.3,True,TN03D9766,0.983,TN03D9766,accepted,41.4
605,4,auto,1437,333,1913,1047,1639,646,1727,700,0.780,32.2,True,TN03D9766,0.989,TN03D9766,accepted,55.4
610,4,auto,1434,334,1910,1044,1631,645,1720,696,0.747,32.7,True,TN03D9766,0.965,TN03D9766,accepted,41.1
610,140,motorcycle,1435,419,1476,491,,,,,,32.7,False,,,,,
615,4,auto,1430,335,1907,1042,1625,643,1711,693,0.760,31.9,True,TN03D9766,0.953,TN03D9766,accepted,40.7
615,140,motorcycle,1427,421,1467,492,,,,,,31.9,False,,,,,
620,4,auto,1423,336,1903,1042,1618,645,1706,697,0.768,31.6,True,TN03D9766,0.981,TN03D9766,accepted,40.7
620,140,motorcycle,1417,423,1458,495,,,,,,31.6,False,,,,,
625,4,auto,1421,339,1903,1043,1619,648,1707,700,0.797,31.6,True,TN03D9766,0.979,TN03D9766,accepted,40.6
625,140,motorcycle,1412,428,1453,500,,,,,,31.6,False,,,,,
625,151,motorcycle,1337,395,1354,420,,,,,,31.6,False,,,,,
625,152,motorcycle,1371,392,1388,418,,,,,,31.6,False,,,,,
625,154,car,1318,368,1351,409,,,,,,31.6,False,,,,,
630,4,auto,1418,340,1904,1043,1617,648,1707,700,0.789,31.6,True,TN03D9766,0.980,TN03D9766,accepted,40.6
630,140,motorcycle,1406,430,1447,502,,,,,,31.6,False,,,,,
630,151,motorcycle,1334,395,1353,423,,,,,,31.6,False,,,,,
630,152,motorcycle,1369,394,1386,420,,,,,,31.6,False,,,,,
630,154,car,1315,368,1349,410,,,,,,31.6,False,,,,,
635,4,auto,1418,343,1906,1046,1621,646,1709,701,0.786,32.3,True,TN03D9766,0.986,TN03D9766,accepted,54.4
635,140,motorcycle,1405,433,1447,504,,,,,,32.3,False,,,,,
635,151,motorcycle,1335,396,1355,425,,,,,,32.3,False,,,,,
635,152,motorcycle,1370,396,1387,422,,,,,,32.3,False,,,,,
635,154,car,1316,367,1352,411,,,,,,32.3,False,,,,,
640,4,auto,1416,342,1907,1046,1620,645,1709,701,0.805,32.8,True,TN03D9766,0.970,TN03D9766,accepted,54.9
640,140,motorcycle,1403,434,1446,506,,,,,,32.8,False,,,,,
640,151,motorcycle,1333,399,1353,428,,,,,,32.8,False,,,,,
640,152,motorcycle,1369,397,1386,424,,,,,,32.8,False,,,,,
640,154,car,1313,366,1351,413,,,,,,32.8,False,,,,,
645,4,auto,1417,343,1910,1049,1622,645,1712,702,0.784,32.0,True,TN03D9766,0.988,TN03D9766,accepted,40.6
645,140,motorcycle,1404,433,1449,509,,,,,,32.0,False,,,,,
645,151,motorcycle,1334,401,1354,430,,,,,,32.0,False,,,,,
645,152,motorcycle,1370,400,1387,426,,,,,,32.0,False,,,,,
645,154,bus,1313,366,1352,414,,,,,,32.0,False,,,,,
650,4,auto,1415,345,1911,1051,1621,651,1710,705,0.729,33.8,True,TN03D9766,0.988,TN03D9766,accepted,41.3
650,140,motorcycle,1403,435,1450,514,,,,,,33.8,False,,,,,
650,151,motorcycle,1331,404,1354,437,,,,,,33.8,False,,,,,
650,152,motorcycle,1368,404,1385,431,,,,,,33.8,False,,,,,
650,154,truck,1308,367,1350,418,,,,,,33.8,False,,,,,
655,4,auto,1413,345,1913,1056,1622,651,1712,706,0.737,32.6,True,TN03D9766,0.970,TN03D9766,accepted,40.5
655,140,motorcycle,1402,435,1452,519,,,,,,32.6,False,,,,,
655,151,motorcycle,1331,407,1354,441,,,,,,32.6,False,,,,,
655,152,motorcycle,1366,407,1385,436,,,,,,32.6,False,,,,,
655,154,bus,1307,368,1348,419,,,,,,32.6,False,,,,,
655,161,car,1445,408,1474,443,,,,,,32.6,False,,,,,
660,4,auto,1413,344,1916,1058,1623,651,1713,706,0.732,32.3,True,TN03D9766,0.982,TN03D9766,accepted,55.8
660,140,motorcycle,1401,435,1453,522,,,,,,32.3,False,,,,,
660,151,motorcycle,1331,408,1354,443,,,,,,32.3,False,,,,,
660,152,motorcycle,1365,408,1385,438,,,,,,32.3,False,,,,,
660,154,bus,1307,370,1348,420,,,,,,32.3,False,,,,,
660,161,car,1446,407,1475,442,,,,,,32.3,False,,,,,
665,4,auto,1410,346,1915,1060,1621,654,1711,708,0.737,31.8,True,TN03D9766,0.979,TN03D9766,accepted,40.6
665,140,motorcycle,1396,435,1451,527,,,,,,31.8,False,,,,,
665,151,motorcycle,1328,409,1352,446,,,,,,31.8,False,,,,,
665,152,motorcycle,1363,410,1384,441,,,,,,31.8,False,,,,,
665,154,bus,1303,371,1345,423,,,,,,31.8,False,,,,,
665,161,car,1442,409,1473,446,,,,,,31.8,False,,,,,
670,4,auto,1412,347,1917,1061,1624,652,1712,708,0.724,32.3,True,TN03D9766,0.988,TN03D9766,accepted,41.4
670,140,motorcycle,1395,434,1452,531,,,,,,32.3,False,,,,,
670,151,motorcycle,1329,412,1353,448,,,,,,32.3,False,,,,,
670,152,motorcycle,1365,411,1386,443,,,,,,32.3,False,,,,,
670,154,bus,1301,374,1343,425,,,,,,32.3,False,,,,,
670,161,car,1445,409,1475,445,,,,,,32.3,False,,,,,
675,4,auto,1413,347,1919,1065,1625,659,1713,711,0.741,32.7,True,TN03D9766,0.985,TN03D9766,accepted,41.4
675,140,motorcycle,1393,437,1452,537,,,,,,32.7,False,,,,,
675,151,motorcycle,1328,415,1353,453,,,,,,32.7,False,,,,,
675,152,motorcycle,1366,415,1387,447,,,,,,32.7,False,,,,,
675,154,bus,1300,376,1344,429,,,,,,32.7,False,,,,,
675,161,car,1448,411,1478,447,,,,,,32.7,False,,,,,
680,4,auto,1412,349,1918,1066,1624,659,1712,713,0.753,32.3,True,TN03D9766,0.987,TN03D9766,accepted,55.7
680,140,motorcycle,1390,440,1451,543,,,,,,32.3,False,,,,,
680,151,motorcycle,1326,418,1351,457,,,,,,32.3,False,,,,,
680,152,motorcycle,1366,417,1388,451,,,,,,32.3,False,,,,,
680,154,car,1297,377,1343,432,,,,,,32.3,False,,,,,
680,161,car,1447,412,1479,449,,,,,,32.3,False,,,,,
685,4,auto,1413,351,1919,1067,1626,659,1715,713,0.734,33.2,True,TN03D9766,0.980,TN03D9766,accepted,39.8
685,140,motorcycle,1387,441,1451,549,,,,,,33.2,False,,,,,
685,151,motorcycle,1324,420,1350,460,,,,,,33.2,False,,,,,
685,152,motorcycle,1366,419,1390,455,,,,,,33.2,False,,,,,
685,154,car,1296,378,1344,434,,,,,,33.2,False,,,,,
685,161,car,1447,413,1480,452,,,,,,33.2,False,,,,,
690,4,auto,1411,344,1915,1056,1623,646,1711,700,0.776,32.5,True,TN03D9766,0.986,TN03D9766,accepted,56.4
690,140,motorcycle,1381,435,1448,547,,,,,,32.5,False,,,,,
690,151,motorcycle,1322,414,1348,454,,,,,,32.5,False,,,,,
690,152,motorcycle,1366,414,1389,449,,,,,,32.5,False,,,,,
690,154,truck,1293,373,1342,430,,,,,,32.5,False,,,,,
690,161,car,1447,407,1480,445,,,,,,32.5,False,,,,,
695,4,auto,1413,338,1915,1046,1625,636,1713,689,0.777,32.8,True,TN03D9766,0.986,TN03D9766,accepted,40.7
695,140,motorcycle,1379,431,1447,543,,,,,,32.8,False,,,,,
695,151,motorcycle,1320,409,1346,447,,,,,,32.8,False,,,,,
695,152,motorcycle,1367,406,1391,443,,,,,,32.8,False,,,,,
695,154,bus,1291,362,1343,423,,,,,,32.8,False,,,,,
695,161,car,1448,397,1481,437,,,,,,32.8,False,,,,,
700,4,auto,1413,334,1915,1041,1624,635,1712,689,0.761,31.9,True,TN03D9766,0.976,TN03D9766,accepted,54.8
700,140,motorcycle,1378,423,1451,545,,,,,,31.9,False,,,,,
700,151,motorcycle,1315,406,1341,445,,,,,,31.9,False,,,,,
700,152,motorcycle,1367,405,1391,441,,,,,,31.9,False,,,,,
700,154,bus,1287,357,1342,421,,,,,,31.9,False,,,,,
700,161,car,1447,392,1483,437,,,,,,31.9,False,,,,,
705,4,auto,1411,332,1914,1038,1621,637,1708,690,0.773,32.6,True,TN03D9766,0.983,TN03D9766,accepted,40.9
705,140,motorcycle,1383,417,1464,552,,,,,,32.6,False,,,,,
705,151,motorcycle,1309,405,1336,445,,,,,,32.6,False,,,,,
705,152,motorcycle,1364,404,1390,442,,,,,,32.6,False,,,,,
705,154,truck,1282,355,1339,422,,,,,,32.6,False,,,,,
705,175,motorcycle,1050,382,1083,444,,,,,,32.6,False,,,,,
710,4,auto,1408,331,1913,1036,1619,637,1707,690,0.791,32.6,True,TN03D9766,0.984,TN03D9766,accepted,40.7
710,151,motorcycle,1305,404,1332,445,,,,,,32.6,False,,,,,
710,152,motorcycle,1363,404,1389,444,,,,,,32.6,False,,,,,
710,154,bus,1279,354,1339,423,,,,,,32.6,False,,,,,
710,177,car,1234,363,1264,389,,,,,,32.6,False,,,,,
715,4,auto,1410,330,1914,1034,1620,631,1709,688,0.809,33.1,True,TN03D9766,0.975,TN03D9766,accepted,40.5
715,151,motorcycle,1300,401,1331,447,,,,,,33.1,False,,,,,
715,152,motorcycle,1362,404,1389,445,,,,,,33.1,False,,,,,
715,154,bus,1278,354,1340,425,,,,,,33.1,False,,,,,
715,177,car,1240,363,1267,386,,,,,,33.1,False,,,,,
715,161,car,1443,389,1480,435,,,,,,33.1,False,,,,,
720,4,auto,1410,330,1915,1033,1619,633,1708,687,0.811,33.2,True,TN03D9766,0.974,TN03D9766,accepted,55.5
720,151,motorcycle,1295,401,1327,450,,,,,,33.2,False,,,,,
720,152,motorcycle,1359,406,1387,447,,,,,,33.2,False,,,,,
720,154,car,1271,358,1332,428,,,,,,33.2,False,,,,,
720,161,car,1441,389,1479,437,,,,,,33.2,False,,,,,
725,4,auto,1411,329,1915,1031,1619,631,1708,686,0.821,33.4,True,TN03D9766,0.976,TN03D9766,accepted,54.2
725,151,motorcycle,1290,399,1324,452,,,,,,33.4,False,,,,,
725,152,motorcycle,1356,405,1387,449,,,,,,33.4,False,,,,,
725,154,car,1265,356,1331,431,,,,,,33.4,False,,,,,
725,161,car,1438,388,1478,438,,,,,,33.4,False,,,,,
725,185,car,1412,385,1446,413,,,,,,33.4,False,,,,,
730,4,auto,1411,329,1915,1029,1618,630,1707,685,0.810,33.5,True,TN03D9766,0.990,TN03D9766,accepted,54.5
730,151,motorcycle,1285,401,1320,454,,,,,,33.5,False,,,,,
730,152,motorcycle,1353,405,1385,452,,,,,,33.5,False,,,,,
730,154,bus,1261,353,1328,429,,,,,,33.5,False,,,,,
730,161,car,1435,387,1476,439,,,,,,33.5,False,,,,,
730,185,car,1410,384,1445,412,,,,,,33.5,False,,,,,
735,4,auto,1410,328,1916,1029,1619,631,1707,683,0.804,33.2,True,TN03D9766,0.985,TN03D9766,accepted,40.9
735,151,motorcycle,1279,403,1315,458,,,,,,33.2,False,,,,,
735,152,motorcycle,1348,406,1381,454,,,,,,33.2,False,,,,,
735,154,bus,1255,351,1325,430,,,,,,33.2,False,,,,,
735,161,car,1431,387,1473,440,,,,,,33.2,False,,,,,
740,4,auto,1410,327,1916,1028,1619,631,1707,683,0.804,33.6,True,TN03D9766,0.984,TN03D9766,accepted,40.8
740,151,motorcycle,1272,403,1312,462,,,,,,33.6,False,,,,,
740,152,motorcycle,1343,409,1377,458,,,,,,33.6,False,,,,,
740,154,bus,1246,348,1323,435,,,,,,33.6,False,,,,,
740,161,car,1427,388,1470,441,,,,,,33.6,False,,,,,
745,4,auto,1410,325,1918,1028,1620,630,1708,682,0.816,33.5,True,TN03D9766,0.979,TN03D9766,accepted,40.5
745,151,motorcycle,1265,403,1308,467,,,,,,33.5,False,,,,,
745,152,motorcycle,1336,410,1371,461,,,,,,33.5,False,,,,,
745,154,bus,1236,344,1323,443,,,,,,33.5,False,,,,,
745,161,car,1423,386,1470,442,,,,,,33.5,False,,,,,
745,189,motorcycle,1369,393,1385,420,,,,,,33.5,False,,,,,
750,4,auto,1411,326,1917,1027,1618,630,1706,683,0.813,33.9,True,TN03D9766,0.982,TN03D9766,accepted,41.0
750,151,motorcycle,1254,405,1301,474,,,,,,33.9,False,,,,,
750,152,motorcycle,1325,409,1365,466,,,,,,33.9,False,,,,,
750,154,bus,1234,342,1320,438,,,,,,33.9,False,,,,,
750,161,car,1418,386,1467,444,,,,,,33.9,False,,,,,
750,189,motorcycle,1367,395,1385,424,,,,,,33.9,False,,,,,
750,190,van,1412,325,1919,1027,,,,,,33.9,False,,,,,
755,4,van,1411,325,1918,1027,,,,,,34.2,False,,,,,
755,151,motorcycle,1243,408,1293,481,,,,,,34.2,False,,,,,
755,152,motorcycle,1313,409,1356,471,,,,,,34.2,False,,,,,
755,154,truck,1231,339,1317,433,,,,,,34.2,False,,,,,
755,161,car,1413,386,1465,445,,,,,,34.2,False,,,,,
755,189,motorcycle,1364,395,1385,428,,,,,,34.2,False,,,,,
755,190,auto,1411,327,1917,1028,1617,630,1706,683,0.797,34.2,True,TN03D9766,0.967,TN03D9766,accepted,40.8
760,4,van,1411,324,1918,1026,,,,,,34.1,False,,,,,
760,151,motorcycle,1220,400,1282,493,,,,,,34.1,False,,,,,
760,152,motorcycle,1294,410,1342,479,,,,,,34.1,False,,,,,
760,154,truck,1221,334,1307,426,,,,,,34.1,False,,,,,
760,161,car,1407,386,1461,446,,,,,,34.1,False,,,,,
760,189,motorcycle,1360,398,1381,432,,,,,,34.1,False,,,,,
760,190,auto,1411,328,1916,1027,1619,630,1707,683,0.803,34.1,True,TN03D9766,0.970,TN03D9766,accepted,40.6
765,4,auto,1411,325,1919,1027,,,,,,34.7,False,,,,,
765,151,motorcycle,1205,399,1273,502,,,,,,34.7,False,,,,,
765,152,motorcycle,1279,409,1332,486,,,,,,34.7,False,,,,,
765,154,bus,1215,332,1303,423,,,,,,34.7,False,,,,,
765,161,car,1402,385,1460,447,,,,,,34.7,False,,,,,
765,189,motorcycle,1357,399,1379,434,,,,,,34.7,False,,,,,
765,190,van,1411,326,1918,1028,1620,630,1708,682,0.813,34.7,True,TN03D9766,0.973,TN03D9766,accepted,41.2
765,193,motorcycle,1329,411,1356,455,,,,,,34.7,False,,,,,
765,194,van,1138,369,1234,468,,,,,,34.7,False,,,,,
770,4,van,1412,324,1920,1026,,,,,,33.6,False,,,,,
770,151,motorcycle,1175,385,1261,517,,,,,,33.6,False,,,,,
770,152,motorcycle,1254,404,1316,494,,,,,,33.6,False,,,,,
770,154,bus,1200,326,1292,418,,,,,,33.6,False,,,,,
770,161,car,1394,384,1456,448,,,,,,33.6,False,,,,,
770,189,motorcycle,1352,399,1374,434,,,,,,33.6,False,,,,,
770,190,auto,1412,327,1918,1026,1620,628,1707,680,0.799,33.6,True,TN03D9766,0.969,TN03D9766,accepted,41.7
770,193,motorcycle,1317,411,1347,461,,,,,,33.6,False,,,,,
770,194,auto,1099,366,1206,477,,,,,,33.6,False,,,,,
775,4,van,1413,321,1920,1021,,,,,,31.8,False,,,,,
775,151,motorcycle,1149,375,1248,530,,,,,,31.8,False,,,,,
775,152,motorcycle,1236,402,1303,501,,,,,,31.8,False,,,,,
775,154,bus,1184,319,1278,411,,,,,,31.8,False,,,,,
775,161,car,1387,381,1452,447,,,,,,31.8,False,,,,,
775,189,motorcycle,1347,396,1370,433,,,,,,31.8,False,,,,,
775,190,auto,1412,326,1916,1023,1621,624,1707,675,0.805,31.8,True,TN03D9766,0.988,TN03D9766,accepted,41.4
775,193,motorcycle,1304,408,1338,465,,,,,,31.8,False,,,,,
775,194,auto,1058,360,1178,485,,,,,,31.8,False,,,,,
780,4,van,1413,317,1921,1019,,,,,,31.6,False,,,,,
780,151,motorcycle,1120,366,1233,547,1137,490,1168,510,0.319,31.6,True,,,,no_text,7.8
780,152,motorcycle,1217,399,1292,510,,,,,,31.6,False,,,,,
780,154,bus,1169,311,1272,408,,,,,,31.6,False,,,,,
780,161,car,1380,377,1450,445,,,,,,31.6,False,,,,,
780,189,motorcycle,1341,393,1366,432,,,,,,31.6,False,,,,,
780,190,auto,1412,323,1916,1019,1621,620,1709,672,0.743,31.6,True,TN03D9766,0.987,TN03D9766,accepted,39.8
780,193,motorcycle,1289,406,1327,468,,,,,,31.6,False,,,,,
780,194,auto,1015,353,1149,493,1042,450,1064,464,0.217,31.6,True,,,,no_text,7.1
785,4,auto,1416,317,1920,1016,1625,617,1712,667,0.767,32.4,True,TN03D9766,0.983,TN03D9766,accepted,40.0
785,151,motorcycle,1070,360,1205,581,,,,,,32.4,False,,,,,
785,152,motorcycle,1188,381,1284,526,,,,,,32.4,False,,,,,
785,154,bus,1139,301,1273,427,,,,,,32.4,False,,,,,
785,161,car,1374,373,1448,443,,,,,,32.4,False,,,,,
785,189,motorcycle,1336,393,1360,431,,,,,,32.4,False,,,,,
785,193,motorcycle,1268,403,1311,474,,,,,,32.4,False,,,,,
785,194,van,942,345,1101,511,958,461,985,479,0.401,32.4,True,,,,no_text,7.1
790,4,auto,1418,319,1921,1015,1629,618,1716,668,0.768,31.0,True,TN03D9766,0.979,TN03D9766,accepted,41.0
790,151,motorcycle,1026,383,1170,618,,,,,,31.0,False,,,,,
790,152,motorcycle,1164,370,1276,544,,,,,,31.0,False,,,,,
790,154,bus,1114,296,1270,444,,,,,,31.0,False,,,,,
790,161,car,1370,371,1446,444,,,,,,31.0,False,,,,,
790,189,motorcycle,1331,392,1355,431,,,,,,31.0,False,,,,,
790,193,motorcycle,1248,401,1296,480,,,,,,31.0,False,,,,,
790,194,van,870,338,1055,532,,,,,,31.0,False,,,,,
790,200,car,1263,365,1328,438,,,,,,31.0,False,,,,,
795,4,auto,1419,314,1924,1015,1634,614,1721,666,0.751,31.9,True,TN03D9766,0.989,TN03D9766,accepted,41.2
795,151,motorcycle,959,353,1145,664,,,,,,31.9,False,,,,,
795,152,motorcycle,1140,363,1267,564,,,,,,31.9,False,,,,,
795,154,bus,1094,288,1267,452,,,,,,31.9,False,,,,,
795,161,car,1366,368,1447,443,,,,,,31.9,False,,,,,
795,189,motorcycle,1327,393,1350,429,,,,,,31.9,False,,,,,
795,193,motorcycle,1233,402,1281,484,,,,,,31.9,False,,,,,
795,194,auto,783,327,1002,558,,,,,,31.9,False,,,,,
795,200,car,1261,362,1329,438,,,,,,31.9,False,,,,,
800,4,auto,1421,308,1927,1014,1642,609,1729,661,0.719,32.5,True,TN03D9766,0.984,TN03D9766,accepted,40.8
800,152,motorcycle,1090,351,1250,609,1096,459,1167,482,0.260,32.5,True,,,,no_text,10.8
800,154,bus,1062,275,1258,462,,,,,,32.5,False,,,,,
800,161,car,1364,364,1448,442,,,,,,32.5,False,,,,,
800,189,motorcycle,1320,384,1347,428,,,,,,32.5,False,,,,,
800,194,motorcycle,654,312,1059,752,749,548,843,578,0.583,32.5,True,,,,no_text,30.0
800,200,car,1253,357,1328,441,,,,,,32.5,False,,,,,
800,124,motorcycle,1344,373,1373,404,,,,,,32.5,False,,,,,
805,4,auto,1422,303,1928,1012,1643,609,1733,659,0.737,31.7,True,TN03D9766,0.991,TN03D9766,accepted,40.0
805,154,bus,1023,262,1245,473,,,,,,31.7,False,,,,,
805,161,car,1358,361,1447,443,,,,,,31.7,False,,,,,
805,189,motorcycle,1314,383,1341,427,,,,,,31.7,False,,,,,
805,194,motorcycle,357,305,933,934,,,,,,31.7,False,,,,,
805,200,van,1243,353,1325,444,,,,,,31.7,False,,,,,
805,124,motorcycle,1341,370,1369,403,,,,,,31.7,False,,,,,
805,151,motorcycle,961,374,1159,705,997,489,1085,518,0.258,31.7,True,,,,no_text,10.4
810,4,auto,1423,299,1928,1009,,,,,,30.5,False,,,,,
810,154,bus,986,247,1232,484,,,,,,30.5,False,,,,,
810,161,car,1352,358,1445,442,,,,,,30.5,False,,,,,
810,189,motorcycle,1307,377,1335,425,,,,,,30.5,False,,,,,
810,200,van,1233,345,1322,446,,,,,,30.5,False,,,,,
810,124,motorcycle,1339,366,1365,401,,,,,,30.5,False,,,,,
810,205,van,1433,298,1920,1003,1644,603,1735,656,0.744,30.5,True,TN03D9766,0.980,TN03D9766,accepted,41.1
810,151,motorcycle,875,414,1110,798,855,540,955,569,0.607,30.5,True,,,,no_text,40.9
815,4,auto,1424,295,1929,1008,,,,,,32.6,False,,,,,
815,154,bus,933,231,1210,497,,,,,,32.6,False,,,,,
815,161,car,1346,356,1443,442,,,,,,32.6,False,,,,,
815,189,motorcycle,1304,373,1330,418,,,,,,32.6,False,,,,,
815,200,bus,1223,341,1318,448,,,,,,32.6,False,,,,,
815,205,van,1434,296,1921,1001,1646,602,1737,655,0.748,32.6,True,TN03D9766,0.981,TN03D9766,accepted,39.2
815,151,motorcycle,863,412,1027,676,987,451,1043,470,0.528,32.6,True,TDAAS,0.519,,rejected,28.1
815,194,motorcycle,370,413,941,1045,517,661,669,696,0.519,32.6,True,,,,no_text,48.0
820,4,van,1429,295,1929,1003,,,,,,32.0,False,,,,,
820,154,bus,861,211,1181,519,910,466,979,490,0.603,32.0,True,23AP4115,0.658,,rejected,29.3
820,161,car,1339,354,1441,444,,,,,,32.0,False,,,,,
820,189,car,1298,362,1328,413,,,,,,32.0,False,,,,,
820,200,bus,1210,337,1312,454,1240,414,1263,427,0.270,32.0,True,,,,no_text,7.7
820,205,auto,1433,295,1924,1006,1652,601,1741,653,0.771,32.0,True,TN03D9766,0.978,TN03D9766,accepted,52.7
820,194,motorcycle,453,429,827,841,557,494,622,529,0.326,32.0,True,,,,no_text,25.2
820,193,bus,1163,344,1223,445,,,,,,32.0,False,,,,,
825,4,van,1431,291,1932,1004,1655,598,1743,652,0.782,30.0,True,TN03D9766,0.980,TN03D9766,accepted,52.3
825,154,bus,773,185,1146,542,821,479,901,510,0.568,30.0,True,TN23AP4115,0.910,TN23AP4115,accepted,27.3
825,161,car,1332,351,1439,445,,,,,,30.0,False,,,,,
825,189,car,1293,357,1325,410,,,,,,30.0,False,,,,,
825,200,bus,1196,332,1307,459,1228,416,1252,429,0.364,30.0,True,,,,no_text,7.7
825,205,auto,1432,287,1928,1007,,,,,,30.0,False,,,,,
825,209,motorcycle,14,489,419,986,,,,,,30.0,False,,,,,
825,193,bus,1149,336,1212,441,,,,,,30.0,False,,,,,
830,154,bus,655,155,1096,571,685,505,781,544,0.646,31.1,True,TN23AP4115,0.966,TN23AP4115,accepted,27.9
830,161,car,1322,347,1436,446,,,,,,31.1,False,,,,,
830,189,car,1284,351,1319,409,,,,,,31.1,False,,,,,
830,200,bus,1179,330,1297,466,1209,418,1237,433,0.488,31.1,True,,,,no_text,8.0
830,193,bus,1129,331,1196,443,,,,,,31.1,False,,,,,
835,154,bus,484,111,1027,618,471,545,595,592,0.629,31.4,True,TN23AP4115,0.958,TN23AP4115,accepted,28.0
835,161,car,1309,344,1431,449,,,,,,31.4,False,,,,,
835,189,car,1275,351,1311,410,,,,,,31.4,False,,,,,
835,200,bus,1158,326,1287,476,1186,423,1219,442,0.535,31.4,True,,,,no_text,7.3
835,193,bus,1107,328,1178,448,,,,,,31.4,False,,,,,
835,4,auto,1428,287,1932,1009,1653,599,1741,651,0.779,31.4,True,TN03D9766,0.985,TN03D9766,accepted,38.3
840,154,bus,245,56,935,683,179,599,334,661,0.690,30.2,True,TN23AP4115,0.806,TN23AP4115,accepted,27.7
840,161,car,1298,341,1428,454,,,,,,30.2,False,,,,,
840,189,car,1267,353,1303,410,,,,,,30.2,False,,,,,
840,200,bus,1135,323,1276,488,1164,429,1197,450,0.426,30.2,True,,,,no_text,7.0
840,193,bus,1083,326,1157,452,,,,,,30.2,False,,,,,
840,211,van,1463,351,1503,408,,,,,,30.2,False,,,,,
840,4,auto,1429,285,1932,1009,1653,596,1742,650,0.777,30.2,True,TN03D9766,0.984,TN03D9766,accepted,38.8
845,154,bus,20,18,922,858,,,,,,32.5,False,,,,,
845,161,car,1283,340,1421,459,1311,419,1352,433,0.245,32.5,True,,,,no_text,10.6
845,189,car,1251,349,1293,412,,,,,,32.5,False,,,,,
845,200,bus,1099,318,1257,504,,,,,,32.5,False,,,,,
845,193,bus,1047,323,1126,460,,,,,,32.5,False,,,,,
845,211,van,1458,350,1501,409,,,,,,32.5,False,,,,,
845,4,auto,1430,286,1929,1007,1652,597,1741,650,0.766,32.5,True,TN03D9766,0.933,TN03D9766,accepted,38.9
850,154,bus,-68,96,775,904,,,,,,30.8,False,,,,,
850,161,car,1272,338,1417,463,1310,421,1349,436,0.204,30.8,True,,,,no_text,29.8
850,189,car,1239,347,1285,413,,,,,,30.8,False,,,,,
850,200,van,1056,312,1236,525,,,,,,30.8,False,,,,,
850,211,van,1458,349,1500,408,,,,,,30.8,False,,,,,
850,4,auto,1431,281,1929,1004,1655,594,1744,648,0.744,30.8,True,TN03D9766,0.975,TN03D9766,accepted,41.3
850,152,auto,1055,312,1205,542,,,,,,30.8,False,,,,,
855,161,car,1259,337,1411,467,1295,419,1341,433,0.280,30.0,True,FLEN,0.532,,rejected,29.5
855,189,car,1225,348,1275,414,,,,,,30.0,False,,,,,
855,200,auto,995,303,1208,554,,,,,,30.0,False,,,,,
855,211,van,1454,348,1497,407,,,,,,30.0,False,,,,,
855,4,auto,1432,278,1928,1001,1654,592,1745,646,0.735,30.0,True,TN03D9766,0.969,TN03D9766,accepted,39.1
855,152,van,1003,303,1179,560,,,,,,30.0,False,,,,,
860,161,car,1242,334,1405,473,1279,423,1328,439,0.588,29.3,True,,,,no_text,29.2
860,189,car,1209,344,1267,418,,,,,,29.3,False,,,,,
860,200,van,909,292,1168,599,,,,,,29.3,False,,,,,
860,211,van,1449,348,1493,408,,,,,,29.3,False,,,,,
860,4,auto,1434,277,1928,1000,1654,591,1744,646,0.729,29.3,True,TN03D9766,0.974,TN03D9766,accepted,56.8
865,161,car,1222,331,1400,482,1263,428,1314,445,0.650,31.5,True,TR2LETHT,0.540,,rejected,29.0
865,189,car,1194,343,1256,421,,,,,,31.5,False,,,,,
865,200,auto,775,276,1107,667,,,,,,31.5,False,,,,,
865,211,van,1444,348,1489,408,,,,,,31.5,False,,,,,
865,4,auto,1434,279,1928,1004,1653,592,1743,646,0.751,31.5,True,TN03D9766,0.968,TN03D9766,accepted,39.6
865,152,motorcycle,1055,361,1149,497,,,,,,31.5,False,,,,,
870,161,car,1202,329,1393,490,1248,436,1302,452,0.662,31.9,True,MAN,0.597,,rejected,29.8
870,189,car,1177,339,1246,424,,,,,,31.9,False,,,,,
870,200,auto,581,253,1025,770,,,,,,31.9,False,,,,,
870,211,van,1440,348,1485,409,,,,,,31.9,False,,,,,
870,4,auto,1436,280,1928,1006,1653,592,1743,646,0.739,31.9,True,TN03D9766,0.986,TN03D9766,accepted,39.0
870,152,motorcycle,1042,378,1123,496,,,,,,31.9,False,,,,,
875,161,car,1170,324,1383,504,1215,444,1275,461,0.644,31.0,True,,,,no_text,30.9
875,189,car,1153,339,1224,427,,,,,,31.0,False,,,,,
875,211,van,1433,348,1480,410,,,,,,31.0,False,,,,,
875,4,auto,1437,279,1927,1003,1653,593,1742,646,0.755,31.0,True,TN03D9766,0.960,TN03D9766,accepted,40.0
875,152,motorcycle,996,388,1083,515,,,,,,31.0,False,,,,,
875,154,car,-44,147,844,1004,,,,,,31.0,False,,,,,
880,161,car,1140,322,1373,518,1192,453,1256,471,0.671,31.3,True,,,,no_text,30.3
880,189,car,1139,339,1199,412,,,,,,31.3,False,,,,,
880,211,van,1428,348,1476,410,,,,,,31.3,False,,,,,
880,4,auto,1439,278,1926,1001,1653,592,1741,646,0.762,31.3,True,TN03D9766,0.965,TN03D9766,accepted,53.6
880,193,motorcycle,923,320,1048,542,,,,,,31.3,False,,,,,
880,200,auto,381,256,797,732,,,,,,31.3,False,,,,,
885,161,car,1101,318,1360,537,1155,469,1227,490,0.659,30.0,True,TNOZATO1O4,0.563,TN02AT0104,accepted,30.1
885,211,van,1422,348,1471,412,,,,,,30.0,False,,,,,
885,4,auto,1440,283,1925,1003,1650,594,1738,646,0.776,30.0,True,TN03D9766,0.979,TN03D9766,accepted,38.2
885,193,motorcycle,880,366,999,571,,,,,,30.0,False,,,,,
885,209,van,25,225,516,819,,,,,,30.0,False,,,,,
885,154,auto,-44,210,624,865,,,,,,30.0,False,,,,,
890,161,car,1056,316,1342,557,1105,480,1188,505,0.695,32.4,True,TNO4ATB1O4,0.592,TN04AT8104,accepted,30.0
890,211,van,1416,347,1467,413,,,,,,32.4,False,,,,,
890,4,auto,1439,281,1922,1000,1650,593,1737,645,0.784,32.4,True,TN03D9766,0.978,TN03D9766,accepted,38.8
890,222,car,1470,353,1500,380,,,,,,32.4,False,,,,,
890,124,car,1311,348,1363,418,,,,,,32.4,False,,,,,
890,151,motorcycle,739,412,894,650,,,,,,32.4,False,,,,,
895,161,car,1005,313,1325,581,1056,493,1147,521,0.697,35.5,True,IN04AT8104,0.782,TN04AT8104,accepted,29.6
895,211,van,1412,347,1463,413,,,,,,35.5,False,,,,,
895,4,auto,1440,283,1921,1000,1650,593,1738,645,0.775,35.5,True,TN03D9766,0.990,TN03D9766,accepted,39.1
895,222,car,1470,352,1500,380,,,,,,35.5,False,,,,,
895,124,car,1306,347,1361,420,,,,,,35.5,False,,,,,
895,151,motorcycle,626,416,823,711,,,,,,35.5,False,,,,,
900,161,car,930,308,1303,618,976,526,1083,559,0.701,35.4,True,TN04AY8104,0.890,TN04AY8104,accepted,29.8
900,211,car,1407,346,1459,414,,,,,,35.4,False,,,,,
900,4,auto,1442,285,1922,1001,1651,593,1739,646,0.775,35.4,True,TN03D9766,0.978,TN03D9766,accepted,40.1
900,222,car,1472,353,1501,380,,,,,,35.4,False,,,,,
900,124,car,1299,348,1356,424,,,,,,35.4,False,,,,,
900,200,motorcycle,187,418,618,907,,,,,,35.4,False,,,,,
905,161,car,838,302,1275,663,881,562,1005,602,0.708,36.1,True,TNO4AY8104,0.868,TN04AY8104,accepted,29.4
905,211,car,1403,347,1456,416,,,,,,36.1,False,,,,,
905,4,auto,1445,284,1922,997,1650,594,1738,645,0.772,36.1,True,TN03D9766,0.984,TN03D9766,accepted,38.9
905,222,car,1472,353,1501,380,,,,,,36.1,False,,,,,
905,124,car,1292,348,1353,427,,,,,,36.1,False,,,,,
905,154,motorcycle,-123,482,412,1049,,,,,,36.1,False,,,,,
910,161,car,714,295,1238,723,739,602,894,653,0.746,36.5,True,TN04AY8104,0.904,TN04AY8104,accepted,29.1
910,211,car,1399,347,1454,418,,,,,,36.5,False,,,,,
910,4,auto,1445,286,1922,1000,1652,594,1739,646,0.762,36.5,True,TN03D9766,0.984,TN03D9766,accepted,39.5
910,222,car,1473,353,1502,380,,,,,,36.5,False,,,,,
910,124,car,1283,347,1347,430,,,,,,36.5,False,,,,,
910,227,car,1362,346,1398,396,,,,,,36.5,False,,,,,
910,228,motorcycle,1238,342,1289,466,,,,,,36.5,False,,,,,
915,161,car,526,282,1192,819,510,676,706,749,0.818,37.3,True,TN04AY8104,0.936,TN04AY8104,accepted,28.2
915,211,cart,1396,346,1453,419,,,,,,37.3,False,,,,,
915,4,auto,1442,285,1921,1002,1651,591,1739,645,0.778,37.3,True,TN03D9766,0.985,TN03D9766,accepted,38.0
915,222,car,1473,353,1503,380,,,,,,37.3,False,,,,,
915,124,car,1273,346,1342,433,,,,,,37.3,False,,,,,
915,227,cart,1359,345,1396,397,,,,,,37.3,False,,,,,
915,228,motorcycle,1228,367,1274,476,,,,,,37.3,False,,,,,
915,230,car,1346,331,1382,361,,,,,,37.3,False,,,,,
920,161,car,242,265,1132,972,,,,,,37.0,False,,,,,
920,211,van,1393,346,1451,420,,,,,,37.0,False,,,,,
920,4,auto,1442,286,1919,1000,1651,593,1739,645,0.776,37.0,True,TN03D9766,0.987,TN03D9766,accepted,39.7
920,222,car,1473,353,1503,380,,,,,,37.0,False,,,,,
920,124,car,1262,344,1336,436,,,,,,37.0,False,,,,,
920,227,cart,1356,346,1394,399,,,,,,37.0,False,,,,,
920,228,motorcycle,1212,378,1259,488,,,,,,37.0,False,,,,,
920,230,car,1345,331,1382,362,,,,,,37.0,False,,,,,
925,161,car,81,237,1092,1041,,,,,,37.4,False,,,,,
925,211,van,1387,344,1448,422,,,,,,37.4,False,,,,,
925,4,auto,1443,284,1919,996,1649,594,1737,646,0.759,37.4,True,TN03D9766,0.982,TN03D9766,accepted,41.5
925,222,car,1472,353,1503,381,,,,,,37.4,False,,,,,
925,124,car,1250,344,1331,441,,,,,,37.4,False,,,,,
925,228,motorcycle,1189,372,1244,501,,,,,,37.4,False,,,,,
925,230,car,1342,332,1380,364,,,,,,37.4,False,,,,,
925,189,car,972,327,1108,498,,,,,,37.4,False,,,,,
930,161,car,-34,197,1037,1065,,,,,,37.7,False,,,,,
930,211,van,1384,345,1446,422,,,,,,37.7,False,,,,,
930,4,auto,1443,282,1920,996,1649,593,1737,645,0.763,37.7,True,TN03D9766,0.985,TN03D9766,accepted,42.0
930,222,car,1473,353,1504,382,,,,,,37.7,False,,,,,
930,124,car,1237,344,1324,446,,,,,,37.7,False,,,,,
930,228,motorcycle,1166,375,1227,513,,,,,,37.7,False,,,,,
930,189,car,900,324,1066,520,,,,,,37.7,False,,,,,
935,211,van,1381,344,1444,424,,,,,,38.2,False,,,,,
935,4,auto,1442,280,1920,996,1650,593,1738,645,0.758,38.2,True,TN03D9766,0.985,TN03D9766,accepted,40.7
935,222,car,1473,353,1504,381,,,,,,38.2,False,,,,,
935,124,car,1220,344,1315,452,,,,,,38.2,False,,,,,
935,228,motorcycle,1136,385,1202,530,,,,,,38.2,False,,,,,
935,189,car,779,320,995,552,,,,,,38.2,False,,,,,
935,209,car,-110,84,641,1054,,,,,,38.2,False,,,,,
935,227,van,1346,346,1388,403,,,,,,38.2,False,,,,,
940,211,van,1376,341,1444,426,,,,,,34.1,False,,,,,
940,4,auto,1440,278,1921,997,1652,593,1740,646,0.755,34.1,True,TN03D9766,0.932,TN03D9766,accepted,55.6
940,222,car,1473,354,1504,382,,,,,,34.1,False,,,,,
940,124,car,1201,345,1305,458,,,,,,34.1,False,,,,,
940,228,motorcycle,1102,392,1175,551,,,,,,34.1,False,,,,,
940,189,car,657,316,928,586,,,,,,34.1,False,,,,,
945,211,van,1371,337,1443,428,,,,,,34.2,False,,,,,
945,4,auto,1439,277,1921,1000,1652,590,1742,647,0.759,34.2,True,TN03D9766,0.978,TN03D9766,accepted,39.7
945,222,car,1476,355,1505,383,,,,,,34.2,False,,,,,
945,124,car,1178,342,1295,465,1182,429,1234,444,0.287,34.2,True,,,,no_text,30.3
945,228,motorcycle,1053,401,1139,580,,,,,,34.2,False,,,,,
945,189,car,483,308,837,635,,,,,,34.2,False,,,,,
945,231,car,1280,350,1321,406,,,,,,34.2,False,,,,,
950,211,van,1366,337,1441,431,,,,,,34.1,False,,,,,
950,4,auto,1441,279,1922,1000,1653,591,1741,648,0.771,34.1,True,TN03D9766,0.988,TN03D9766,accepted,39.9
950,222,car,1477,356,1506,383,,,,,,34.1,False,,,,,
950,124,car,1154,340,1283,474,1165,437,1217,452,0.326,34.1,True,,,,no_text,29.6
950,228,motorcycle,991,412,1092,618,967,480,1022,500,0.438,34.1,True,,,,no_text,28.1
950,231,car,1274,352,1316,407,,,,,,34.1,False,,,,,
950,209,car,92,246,622,825,,,,,,34.1,False,,,,,
950,227,bus,1331,339,1380,406,,,,,,34.1,False,,,,,
955,211,van,1362,339,1438,433,,,,,,34.2,False,,,,,
955,4,auto,1440,279,1921,1001,1652,591,1741,647,0.760,34.2,True,TN03D9766,0.983,TN03D9766,accepted,39.0
955,222,car,1479,357,1507,383,,,,,,34.2,False,,,,,
955,124,car,1125,338,1271,483,1143,444,1195,459,0.551,34.2,True,,,,no_text,29.1
955,228,motorcycle,900,423,1026,672,862,508,938,532,0.546,34.2,True,,,,no_text,28.8
955,231,car,1266,352,1309,409,,,,,,34.2,False,,,,,
955,209,car,5,270,592,919,,,,,,34.2,False,,,,,
955,227,bus,1328,336,1379,407,,,,,,34.2,False,,,,,
960,211,van,1357,339,1435,435,,,,,,34.4,False,,,,,
960,4,auto,1440,279,1921,1001,1652,592,1741,647,0.760,34.4,True,TN03D9766,0.940,TN03D9766,accepted,53.8
960,222,car,1480,357,1508,383,,,,,,34.4,False,,,,,
960,124,car,1093,335,1258,496,1110,453,1168,470,0.583,34.4,True,74,0.642,,rejected,29.6
960,228,motorcycle,887,420,991,624,,,,,,34.4,False,,,,,
960,231,car,1255,352,1301,412,,,,,,34.4,False,,,,,
960,209,car,-101,258,453,931,,,,,,34.4,False,,,,,
960,227,bus,1323,336,1375,409,,,,,,34.4,False,,,,,
960,193,motorcycle,676,439,897,801,687,553,785,581,0.478,34.4,True,TN9EZ174,0.598,TN9E2174,accepted,28.5
965,211,van,1352,339,1432,439,,,,,,34.0,False,,,,,
965,4,auto,1441,279,1921,1001,1651,594,1739,647,0.769,34.0,True,TN03D9766,0.987,TN03D9766,accepted,39.3
965,222,car,1481,358,1508,384,,,,,,34.0,False,,,,,
965,124,car,1052,334,1237,512,1068,466,1129,483,0.615,34.0,True,810013374,0.667,,rejected,29.3
965,231,car,1242,352,1291,415,,,,,,34.0,False,,,,,
965,193,motorcycle,670,432,865,726,,,,,,34.0,False,,,,,
965,161,motorcycle,75,441,794,1050,280,660,423,700,0.593,34.0,True,,,,no_text,28.2
970,211,van,1347,339,1429,441,,,,,,33.9,False,,,,,
970,4,auto,1441,278,1921,1000,1652,593,1740,646,0.751,33.9,True,TN03D9766,0.972,TN03D9766,accepted,53.3
970,222,car,1481,358,1508,384,,,,,,33.9,False,,,,,
970,124,car,1009,332,1217,528,1028,475,1095,495,0.615,33.9,True,ETN108V3374,0.704,TN10BV3374,accepted,29.6
970,231,car,1228,348,1283,417,,,,,,33.9,False,,,,,
970,189,motorcycle,419,409,762,732,,,,,,33.9,False,,,,,
970,209,motorcycle,-57,424,444,1048,,,,,,33.9,False,,,,,
975,4,auto,1441,278,1921,999,1651,593,1739,646,0.763,34.0,True,TN03D9766,0.968,TN03D9766,accepted,39.1
975,124,car,962,331,1195,546,981,488,1054,511,0.681,34.0,True,ETNTOBV3974,0.712,,rejected,28.4
975,231,car,1216,349,1274,420,,,,,,34.0,False,,,,,
975,227,car,1306,342,1359,416,,,,,,34.0,False,,,,,
975,161,motorcycle,54,460,582,910,,,,,,34.0,False,,,,,
980,4,auto,1442,278,1921,1000,1650,595,1739,647,0.771,34.0,True,TN03D9766,0.986,TN03D9766,accepted,39.6
980,124,car,896,330,1165,573,905,511,989,536,0.720,34.0,True,FTN108Y3974,0.832,TN10BY3974,accepted,29.7
980,231,car,1204,350,1268,423,,,,,,34.0,False,,,,,
980,227,car,1299,344,1351,418,,,,,,34.0,False,,,,,
980,211,van,1340,339,1427,447,,,,,,34.0,False,,,,,
980,222,car,1481,357,1509,386,,,,,,34.0,False,,,,,
985,4,auto,1442,278,1921,999,1649,594,1737,646,0.751,35.3,True,TN03D9766,0.974,TN03D9766,accepted,39.3
985,124,car,805,325,1123,607,800,538,899,569,0.721,35.3,True,FTN10BY3974,0.860,TN10BY3974,accepted,29.2
985,231,car,1187,350,1255,426,,,,,,35.3,False,,,,,
985,227,car,1290,343,1344,420,,,,,,35.3,False,,,,,
985,211,van,1334,335,1425,450,,,,,,35.3,False,,,,,
990,4,auto,1442,279,1920,999,1649,593,1738,646,0.767,34.1,True,TN03D9766,0.965,TN03D9766,accepted,39.9
990,124,car,678,321,1067,657,647,580,767,621,0.742,34.1,True,FTN10BV3974,0.885,TN10BV3974,accepted,28.6
990,231,car,1171,351,1245,430,1182,401,1207,412,0.370,34.1,True,,,,no_text,8.8
990,227,car,1281,342,1338,423,,,,,,34.1,False,,,,,
990,211,van,1329,336,1422,453,,,,,,34.1,False,,,,,
995,4,auto,1443,279,1920,999,1650,594,1739,646,0.758,34.1,True,TN03D9766,0.981,TN03D9766,accepted,39.2
995,124,car,514,311,1002,724,450,635,596,684,0.766,34.1,True,PTN10BV3974,0.845,TN10BV3974,accepted,29.0
995,231,car,1156,351,1236,435,1167,403,1192,414,0.370,34.1,True,,,,no_text,9.1
995,227,car,1272,343,1331,426,,,,,,34.1,False,,,,,
995,211,van,1324,335,1419,456,,,,,,34.1,False,,,,,
1000,4,auto,1443,279,1920,1000,1651,595,1739,648,0.750,34.1,True,TN03D9766,0.979,TN03D9766,accepted,39.9
1000,124,car,268,299,910,825,,,,,,34.1,False,,,,,
1000,231,car,1138,350,1226,440,1151,407,1182,420,0.379,34.1,True,,,,no_text,9.3
1000,227,car,1263,341,1326,429,,,,,,34.1,False,,,,,
1000,211,auto,1319,335,1417,459,,,,,,34.1,False,,,,,
1005,4,auto,1444,279,1921,1000,1652,593,1740,648,0.764,34.0,True,TN03D9766,0.970,TN03D9766,accepted,54.0
1005,124,car,53,287,874,972,,,,,,34.0,False,,,,,
1005,231,car,1117,350,1213,445,1128,412,1160,423,0.602,34.0,True,,,,no_text,10.4
1005,227,bus,1250,336,1319,434,,,,,,34.0,False,,,,,
1005,211,bus,1314,335,1414,462,,,,,,34.0,False,,,,,
1010,4,auto,1445,280,1921,1000,1652,592,1741,647,0.759,34.0,True,TN03D9766,0.924,TN03D9766,accepted,39.6
1010,124,car,-121,262,762,1039,,,,,,34.0,False,,,,,
1010,231,car,1093,350,1199,451,1106,415,1142,427,0.599,34.0,True,,,,no_text,10.5
1010,227,bus,1236,335,1310,437,,,,,,34.0,False,,,,,
1010,211,van,1309,335,1413,466,,,,,,34.0,False,,,,,
1015,4,auto,1445,279,1922,1000,1653,590,1742,647,0.752,35.1,True,TN03D9766,0.972,TN03D9766,accepted,41.0
1015,231,car,1070,350,1184,456,1084,419,1122,430,0.599,35.1,True,,,,no_text,11.6
1015,227,bus,1222,333,1302,442,1236,408,1252,420,0.212,35.1,True,,,,no_text,6.8
1015,211,van,1305,333,1411,469,,,,,,35.1,False,,,,,
1020,4,auto,1447,279,1923,1001,1654,590,1743,648,0.752,39.6,True,TN03D9766,0.988,TN03D9766,accepted,39.8
1020,231,car,1041,349,1167,464,1054,424,1096,437,0.640,39.6,True,,,,no_text,29.4
1020,227,bus,1206,333,1291,448,1219,413,1235,422,0.288,39.6,True,,,,no_text,7.9
1020,211,bus,1300,332,1410,472,1331,428,1356,443,0.245,39.6,True,,,,no_text,7.3
1025,4,auto,1449,280,1923,1001,1655,593,1744,647,0.735,39.0,True,TN03D9766,0.946,TN03D9766,accepted,52.2
1025,231,car,1008,349,1148,472,1020,430,1065,444,0.674,39.0,True,,,,no_text,29.0
1025,227,bus,1194,334,1285,453,,,,,,39.0,False,,,,,
1025,211,bus,1296,333,1408,477,1331,429,1356,444,0.336,39.0,True,,,,no_text,7.4
1030,4,auto,1449,280,1923,1001,1654,588,1743,648,0.752,39.2,True,TN03D9766,0.971,TN03D9766,accepted,39.4
1030,231,car,972,348,1128,483,985,438,1033,452,0.656,39.2,True,,,,no_text,33.7
1030,227,auto,1172,334,1268,459,,,,,,39.2,False,,,,,
1030,211,bus,1291,333,1406,481,1331,433,1356,449,0.255,39.2,True,,,,no_text,12.3
1035,4,auto,1450,283,1923,1004,1654,589,1743,647,0.749,41.2,True,TN03D9766,0.969,TN03D9766,accepted,52.2
1035,231,car,932,347,1106,495,944,445,996,460,0.711,41.2,True,,,,no_text,29.5
1035,227,auto,1150,331,1253,466,1168,423,1188,436,0.320,41.2,True,,,,no_text,7.0
1035,211,van,1288,332,1406,486,,,,,,41.2,False,,,,,
1040,4,auto,1450,282,1922,1002,1653,589,1742,647,0.741,40.3,True,TN03D9766,0.986,TN03D9766,accepted,53.4
1040,231,car,885,344,1081,507,896,453,953,470,0.672,40.3,True,,,,no_text,29.3
1040,227,auto,1128,330,1240,474,,,,,,40.3,False,,,,,
1040,211,auto,1288,331,1410,489,1345,438,1370,455,0.302,40.3,True,,,,no_text,7.4
1045,4,auto,1450,281,1921,1000,1652,591,1742,646,0.734,40.8,True,TN03D9766,0.966,TN03D9766,accepted,39.6
1045,231,car,830,342,1050,522,837,463,902,483,0.661,40.8,True,,,,no_text,29.8
1045,227,auto,1106,328,1226,482,1125,434,1148,449,0.322,40.8,True,,,,no_text,7.3
1045,211,auto,1291,330,1416,493,,,,,,40.8,False,,,,,
1050,4,auto,1450,281,1921,999,1653,589,1741,645,0.747,42.1,True,TN03D9766,0.978,TN03D9766,accepted,39.4
1050,231,car,763,340,1013,540,763,477,835,499,0.724,42.1,True,T73735,0.625,,rejected,28.7
1050,227,auto,1082,324,1213,492,,,,,,42.1,False,,,,,
1050,211,auto,1296,328,1428,497,1373,440,1399,460,0.276,42.1,True,,,,no_text,6.6
1055,4,auto,1450,283,1921,1004,1653,591,1742,647,0.751,42.8,True,TNO3D9766,0.949,TN03D9766,accepted,39.2
1055,231,car,663,338,961,571,644,501,725,526,0.750,42.8,True,TN073736,0.921,TN073736,accepted,28.6
1055,227,car,1052,323,1195,507,,,,,,42.8,False,,,,,
1055,211,auto,1304,328,1441,502,,,,,,42.8,False,,,,,
1055,250,car,1277,351,1314,407,,,,,,42.8,False,,,,,
1060,4,auto,1451,283,1921,1001,1654,591,1742,648,0.755,42.5,True,TN03D9766,0.942,TN03D9766,accepted,39.3
1060,231,car,522,335,886,612,,,,,,42.5,False,,,,,
1060,227,auto,1012,318,1175,528,,,,,,42.5,False,,,,,
1060,211,auto,1314,327,1458,509,,,,,,42.5,False,,,,,
1060,250,car,1276,351,1314,408,,,,,,42.5,False,,,,,
1065,4,auto,1452,283,1921,1002,1654,592,1742,648,0.754,42.6,True,TN03D9766,0.985,TN03D9766,accepted,40.3
1065,231,car,278,330,758,681,,,,,,42.6,False,,,,,
1065,227,auto,957,311,1148,557,,,,,,42.6,False,,,,,
1065,211,van,1329,326,1483,516,,,,,,42.6,False,,,,,
1065,250,car,1274,354,1313,411,,,,,,42.6,False,,,,,
1070,4,auto,1451,287,1920,1006,1654,597,1742,650,0.760,42.6,True,TN03D9766,0.982,TN03D9766,accepted,40.9
1070,231,car,77,321,701,783,,,,,,42.6,False,,,,,
1070,227,auto,896,308,1117,590,,,,,,42.6,False,,,,,
1070,211,bus,1340,326,1499,519,,,,,,42.6,False,,,,,
1070,250,car,1269,356,1310,414,,,,,,42.6,False,,,,,
1070,230,car,1304,347,1360,399,,,,,,42.6,False,,,,,
1075,4,auto,1452,290,1920,1007,1655,596,1743,650,0.749,42.4,True,TN03D9766,0.986,TN03D9766,accepted,54.3
1075,231,car,-92,316,643,887,,,,,,42.4,False,,,,,
1075,227,auto,816,297,1080,633,,,,,,42.4,False,,,,,
1075,211,van,1348,327,1510,521,,,,,,42.4,False,,,,,
1075,250,car,1262,356,1307,417,,,,,,42.4,False,,,,,
1075,230,car,1305,349,1363,404,,,,,,42.4,False,,,,,
1080,4,auto,1453,293,1919,1008,1655,597,1743,651,0.759,42.5,True,TN03D9766,0.977,TN03D9766,accepted,40.4
1080,227,auto,690,286,1021,703,,,,,,42.5,False,,,,,
1080,211,bus,1355,328,1519,527,,,,,,42.5,False,,,,,
1080,250,car,1253,357,1301,420,,,,,,42.5,False,,,,,
1080,230,car,1304,351,1362,408,,,,,,42.5,False,,,,,
1085,4,auto,1451,292,1919,1008,1655,596,1744,650,0.732,42.6,True,TN03D9766,0.972,TN03D9766,accepted,40.6
1085,227,auto,507,265,941,807,,,,,,42.6,False,,,,,
1085,211,auto,1361,324,1527,529,,,,,,42.6,False,,,,,
1085,250,car,1244,356,1296,422,,,,,,42.6,False,,,,,
1085,230,car,1302,352,1361,410,,,,,,42.6,False,,,,,
1085,258,car,1346,337,1382,372,,,,,,42.6,False,,,,,
1090,4,auto,1451,291,1918,1007,1655,596,1744,650,0.745,42.5,True,TN03D9766,0.980,TN03D9766,accepted,55.5
1090,227,van,229,233,821,960,,,,,,42.5,False,,,,,
1090,211,bus,1370,325,1533,530,1405,424,1431,446,0.209,42.5,True,,,,no_text,8.2
1090,250,car,1235,356,1291,425,,,,,,42.5,False,,,,,
1090,230,car,1300,352,1360,412,,,,,,42.5,False,,,,,
1090,258,car,1345,338,1383,375,,,,,,42.5,False,,,,,
1090,231,auto,-148,240,829,1022,,,,,,42.5,False,,,,,
1095,4,auto,1449,291,1919,1009,1656,597,1744,651,0.745,44.1,True,TN03D9766,0.978,TN03D9766,accepted,53.3
1095,250,car,1225,356,1285,427,1229,397,1256,407,0.234,44.1,True,,,,no_text,9.9
1095,230,car,1296,353,1358,414,,,,,,44.1,False,,,,,
1095,258,car,1343,341,1381,377,,,,,,44.1,False,,,,,
1095,231,bus,-221,202,777,1049,,,,,,44.1,False,,,,,
1100,4,auto,1444,288,1915,1007,1655,598,1744,652,0.741,42.5,True,TN03D9766,0.969,TN03D9766,accepted,39.5
1100,250,car,1212,357,1278,431,1220,400,1246,411,0.460,42.5,True,,,,no_text,8.8
1100,230,car,1292,354,1357,417,,,,,,42.5,False,,,,,
1100,258,car,1341,343,1380,381,,,,,,42.5,False,,,,,
1105,4,auto,1442,285,1916,1006,1654,596,1744,652,0.749,42.5,True,TN03D9766,0.980,TN03D9766,accepted,39.6
1105,250,car,1200,357,1271,434,1210,403,1237,413,0.352,42.5,True,,,,no_text,10.1
1105,230,car,1287,353,1356,420,,,,,,42.5,False,,,,,
1105,258,car,1338,343,1379,383,,,,,,42.5,False,,,,,
1110,4,auto,1444,283,1919,1006,1655,596,1744,652,0.768,42.6,True,TN03D9766,0.982,TN03D9766,accepted,55.1
1110,250,car,1185,356,1263,437,1196,403,1222,415,0.403,42.6,True,,,,no_text,8.8
1110,230,car,1282,352,1356,423,,,,,,42.6,False,,,,,
1110,258,car,1336,344,1377,384,,,,,,42.6,False,,,,,
1115,4,auto,1444,283,1919,1007,1654,597,1743,652,0.769,42.6,True,TN03D9766,0.943,TN03D9766,accepted,52.7
1115,250,car,1170,356,1255,441,1182,407,1213,420,0.385,42.6,True,,,,no_text,9.2
1115,230,car,1278,352,1354,425,,,,,,42.6,False,,,,,
1115,258,car,1333,344,1377,386,,,,,,42.6,False,,,,,
1120,4,auto,1443,284,1918,1007,1653,598,1742,652,0.786,42.6,True,TN03D9766,0.957,TN03D9766,accepted,40.1
1120,250,car,1153,355,1247,447,1165,413,1197,423,0.554,42.6,True,,,,no_text,10.8
1120,230,car,1272,352,1353,429,,,,,,42.6,False,,,,,
1120,258,car,1332,344,1377,388,,,,,,42.6,False,,,,,
1120,272,car,1453,361,1507,413,,,,,,42.6,False,,,,,
1125,4,auto,1442,288,1917,1010,1650,599,1740,652,0.779,43.0,True,TN03D9766,0.986,TN03D9766,accepted,40.8
1125,250,car,1131,355,1234,452,1142,414,1178,426,0.580,43.0,True,,,,no_text,10.5
1125,230,car,1264,351,1349,432,,,,,,43.0,False,,,,,
1125,258,car,1320,343,1368,390,,,,,,43.0,False,,,,,
1125,272,car,1447,360,1503,414,,,,,,43.0,False,,,,,
1125,275,car,1299,331,1367,387,,,,,,43.0,False,,,,,
1130,4,auto,1439,288,1915,1010,1646,599,1737,652,0.768,42.7,True,TN03D9766,0.973,TN03D9766,accepted,40.5
1130,250,car,1108,353,1221,457,1120,418,1160,431,0.634,42.7,True,,,,no_text,10.7
1130,230,car,1255,350,1345,436,,,,,,42.7,False,,,,,
1130,258,car,1310,343,1362,392,,,,,,42.7,False,,,,,
1130,272,car,1440,361,1497,415,,,,,,42.7,False,,,,,
1130,275,car,1297,329,1369,388,,,,,,42.7,False,,,,,
1135,4,auto,1438,289,1913,1008,1641,597,1729,651,0.772,42.5,True,TN03D9766,0.982,TN03D9766,accepted,39.6
1135,250,car,1083,352,1205,462,1097,422,1137,436,0.502,42.5,True,,,,no_text,28.4
1135,230,car,1244,349,1339,440,,,,,,42.5,False,,,,,
1135,258,car,1306,347,1357,394,,,,,,42.5,False,,,,,
1135,272,car,1431,359,1490,415,,,,,,42.5,False,,,,,
1140,4,auto,1435,292,1911,1008,1633,599,1722,652,0.796,43.9,True,TN03D9766,0.953,TN03D9766,accepted,61.0
1140,250,car,1043,351,1180,472,1051,428,1097,443,0.703,43.9,True,,,,no_text,30.1
1140,230,car,1226,350,1330,448,,,,,,43.9,False,,,,,
1140,258,car,1300,349,1352,398,,,,,,43.9,False,,,,,
1140,272,car,1417,360,1478,417,,,,,,43.9,False,,,,,
1145,4,auto,1434,293,1911,1009,1633,598,1722,652,0.789,45.9,True,TN03D9766,0.951,TN03D9766,accepted,53.1
1145,250,car,1007,350,1160,482,1021,437,1068,452,0.597,45.9,True,,,,no_text,29.1
1145,230,car,1213,350,1324,455,1243,417,1277,428,0.254,45.9,True,,,,no_text,10.3
1145,258,car,1299,351,1351,400,,,,,,45.9,False,,,,,
1145,272,car,1408,360,1472,420,,,,,,45.9,False,,,,,
1150,4,auto,1434,292,1912,1008,1633,598,1722,651,0.782,43.1,True,TN03D9766,0.964,TN03D9766,accepted,39.7
1150,250,car,970,349,1140,492,987,443,1037,458,0.714,43.1,True,,,,no_text,30.6
1150,230,car,1200,348,1321,461,1232,423,1272,436,0.322,43.1,True,,,,no_text,28.1
1150,258,car,1297,348,1352,402,,,,,,43.1,False,,,,,
1150,272,car,1401,360,1467,420,,,,,,43.1,False,,,,,
1155,4,auto,1434,294,1913,1008,1633,598,1722,652,0.801,43.9,True,TN03D9766,0.989,TN03D9766,accepted,39.5
1155,250,car,928,348,1119,506,946,452,1001,468,0.629,43.9,True,,,,no_text,29.8
1155,230,car,1184,343,1318,469,1223,426,1262,438,0.501,43.9,True,,,,no_text,28.0
1155,258,car,1297,352,1350,404,,,,,,43.9,False,,,,,
1155,272,car,1395,359,1464,421,,,,,,43.9,False,,,,,
1160,4,auto,1433,295,1912,1007,1629,598,1718,653,0.770,44.5,True,TN03D9766,0.980,TN03D9766,accepted,53.5
1160,250,car,846,346,1073,529,841,471,907,491,0.707,44.5,True,STM03CS1012,0.761,TN03CS1012,accepted,29.1
1160,230,car,1158,339,1310,482,1192,434,1240,449,0.611,44.5,True,,,,no_text,27.2
1160,258,car,1292,354,1345,405,,,,,,44.5,False,,,,,
1160,272,car,1384,359,1455,423,,,,,,44.5,False,,,,,
1165,4,auto,1432,295,1913,1008,1629,599,1719,653,0.776,45.3,True,TN03D9766,0.986,TN03D9766,accepted,39.9
1165,250,car,765,344,1031,555,762,489,837,513,0.732,45.3,True,ETN03CS1012,0.864,TN03CS1012,accepted,28.7
1165,230,car,1135,336,1304,496,1175,442,1226,458,0.682,45.3,True,,,,no_text,27.8
1165,258,car,1286,355,1340,407,,,,,,45.3,False,,,,,
1165,272,car,1375,359,1449,425,,,,,,45.3,False,,,,,
1165,286,car,1308,328,1343,353,,,,,,45.3,False,,,,,
1165,288,car,1441,360,1472,384,,,,,,45.3,False,,,,,
1170,4,auto,1431,294,1914,1008,1631,598,1720,652,0.773,46.0,True,TN03D9766,0.967,TN03D9766,accepted,39.7
1170,250,car,653,339,977,591,628,516,719,544,0.703,46.0,True,ETN09CS1812,0.872,TN09CS1812,accepted,28.6
1170,230,car,1106,334,1296,513,1148,453,1207,470,0.719,46.0,True,,,,no_text,28.3
1170,258,car,1279,355,1335,409,,,,,,46.0,False,,,,,
1170,272,car,1366,359,1444,427,,,,,,46.0,False,,,,,
1170,286,car,1309,328,1342,351,,,,,,46.0,False,,,,,
1170,288,car,1445,358,1475,381,,,,,,46.0,False,,,,,
1175,4,auto,1431,296,1914,1008,1631,599,1720,653,0.782,47.2,True,TN03D9766,0.973,TN03D9766,accepted,39.6
1175,250,car,493,336,899,643,,,,,,47.2,False,,,,,
1175,230,car,1068,332,1285,536,1111,469,1179,490,0.705,47.2,True,TNO5004398,0.706,TN05OO4398,accepted,28.9
1175,258,car,1273,354,1332,411,,,,,,47.2,False,,,,,
1175,272,car,1359,359,1440,429,,,,,,47.2,False,,,,,
1175,286,car,1312,327,1346,351,,,,,,47.2,False,,,,,
1175,288,car,1448,360,1477,382,,,,,,47.2,False,,,,,
1180,4,auto,1429,294,1914,1007,1632,598,1721,653,0.788,44.8,True,TN03D9766,0.979,TN03D9766,accepted,53.5
1180,250,car,229,326,783,737,,,,,,44.8,False,,,,,
1180,230,car,1010,328,1268,569,1050,491,1132,517,0.727,44.8,True,TNO5084398,0.857,TN05OB4398,accepted,28.5
1180,258,car,1265,354,1328,413,,,,,,44.8,False,,,,,
1180,272,car,1350,359,1434,432,,,,,,44.8,False,,,,,
1180,286,car,1315,326,1347,348,,,,,,44.8,False,,,,,
1180,288,car,1450,360,1480,383,,,,,,44.8,False,,,,,
1185,4,auto,1429,295,1915,1007,1631,599,1721,653,0.778,44.5,True,TN03D9766,0.974,TN03D9766,accepted,39.9
1185,250,car,-2,319,745,894,,,,,,44.5,False,,,,,
1185,230,car,932,323,1246,616,968,526,1068,555,0.740,44.5,True,TN050B4398,0.890,TN05OB4398,accepted,29.7
1185,258,car,1256,354,1322,416,,,,,,44.5,False,,,,,
1185,272,car,1341,360,1429,435,,,,,,44.5,False,,,,,
1185,288,car,1450,361,1481,384,,,,,,44.5,False,,,,,
1190,4,auto,1431,296,1915,1005,1633,599,1721,653,0.777,44.8,True,TN03D9766,0.982,TN03D9766,accepted,53.5
1190,250,car,-158,316,626,959,,,,,,44.8,False,,,,,
1190,230,car,830,316,1218,674,861,574,986,612,0.731,44.8,True,TN050B4398,0.888,TN05OB4398,accepted,29.0
1190,258,car,1249,354,1318,418,,,,,,44.8,False,,,,,
1190,272,car,1334,360,1424,437,,,,,,44.8,False,,,,,
1190,288,car,1451,361,1482,385,,,,,,44.8,False,,,,,
1195,4,auto,1431,295,1915,1003,1632,597,1720,651,0.769,43.5,True,TN03D9766,0.987,TN03D9766,accepted,52.3
1195,230,car,638,303,1166,786,612,660,792,721,0.799,43.5,True,TN05DB4398,0.905,TN05DB4398,accepted,28.3
1195,258,car,1239,352,1311,418,,,,,,43.5,False,,,,,
1195,272,car,1325,359,1418,437,,,,,,43.5,False,,,,,
1195,288,car,1450,359,1482,384,,,,,,43.5,False,,,,,
1195,286,car,1319,325,1347,345,,,,,,43.5,False,,,,,
1200,4,auto,1432,296,1916,1003,1633,598,1722,652,0.778,42.8,True,TN03D9766,0.980,TN03D9766,accepted,53.8
1200,258,car,1229,353,1304,421,,,,,,42.8,False,,,,,
1200,272,car,1314,359,1413,441,,,,,,42.8,False,,,,,
1200,288,car,1450,360,1484,385,,,,,,42.8,False,,,,,
1200,250,car,-48,274,910,1053,,,,,,42.8,False,,,,,
1205,4,auto,1431,297,1916,1005,1630,599,1720,653,0.784,42.8,True,TN03D9766,0.983,TN03D9766,accepted,53.0
1205,258,car,1216,352,1297,424,,,,,,42.8,False,,,,,
1205,272,car,1300,358,1406,445,,,,,,42.8,False,,,,,
1205,288,car,1451,361,1484,386,,,,,,42.8,False,,,,,
1205,250,car,-102,221,921,1074,,,,,,42.8,False,,,,,
1210,4,auto,1430,297,1915,1003,1630,599,1720,653,0.775,42.9,True,TN03D9766,0.955,TN03D9766,accepted,53.9
1210,258,car,1203,351,1288,427,,,,,,42.9,False,,,,,
1210,272,car,1287,357,1399,449,,,,,,42.9,False,,,,,
1210,288,car,1450,360,1484,386,,,,,,42.9,False,,,,,
1215,4,auto,1428,296,1917,1006,1630,599,1720,653,0.779,43.0,True,TN03D9766,0.959,TN03D9766,accepted,40.0
1215,258,car,1192,350,1282,430,1212,392,1237,404,0.236,43.0,True,,,,no_text,8.7
1215,272,car,1274,356,1393,453,1300,412,1337,422,0.240,43.0,True,,,,no_text,11.8
1215,291,motorcycle,1403,350,1417,371,,,,,,43.0,False,,,,,
1215,292,van,1425,295,1923,999,,,,,,43.0,False,,,,,
1220,4,van,1429,295,1918,1005,1630,600,1720,654,0.761,43.3,True,TN03D9766,0.975,TN03D9766,accepted,57.1
1220,258,car,1178,349,1273,433,1202,397,1226,407,0.232,43.3,True,,,,no_text,9.6
1220,272,car,1261,357,1385,458,1287,416,1324,426,0.445,43.3,True,,,,no_text,12.1
1220,291,motorcycle,1402,351,1416,373,,,,,,43.3,False,,,,,
1220,292,auto,1421,295,1924,1008,,,,,,43.3,False,,,,,
1220,288,car,1450,362,1483,387,,,,,,43.3,False,,,,,
1225,4,van,1430,295,1919,1004,1631,599,1721,653,0.780,43.1,True,TN03D9766,0.968,TN03D9766,accepted,40.5
1225,258,car,1166,347,1265,434,,,,,,43.1,False,,,,,
1225,272,car,1245,357,1376,463,1272,419,1311,433,0.416,43.1,True,,,,no_text,10.9
1225,291,motorcycle,1402,351,1417,374,,,,,,43.1,False,,,,,
1225,292,auto,1420,294,1926,1010,,,,,,43.1,False,,,,,
1225,293,motorcycle,508,438,593,500,,,,,,43.1,False,,,,,
1225,288,car,1452,361,1485,386,,,,,,43.1,False,,,,,
1230,4,auto,1428,295,1918,1007,1631,599,1721,653,0.781,43.1,True,TN03D9766,0.963,TN03D9766,accepted,58.3
1230,258,car,1151,347,1254,438,1178,398,1206,407,0.249,43.1,True,,,,no_text,11.7
1230,272,car,1230,357,1367,467,1260,423,1299,436,0.449,43.1,True,,,,no_text,10.7
1230,291,motorcycle,1402,353,1416,376,,,,,,43.1,False,,,,,
1230,288,car,1451,361,1486,386,,,,,,43.1,False,,,,,
1230,294,motorcycle,1369,357,1385,383,,,,,,43.1,False,,,,,
1235,4,auto,1427,292,1919,1006,1629,600,1719,654,0.736,43.0,True,TN03D9766,0.946,TN03D9766,accepted,54.9
1235,258,car,1128,345,1241,445,,,,,,43.0,False,,,,,
1235,272,car,1201,356,1352,476,1227,429,1270,442,0.561,43.0,True,,,,no_text,11.8
1235,291,motorcycle,1400,355,1414,379,,,,,,43.0,False,,,,,
1235,294,motorcycle,1366,358,1384,388,,,,,,43.0,False,,,,,
1240,4,auto,1427,291,1918,1005,1627,599,1713,653,0.756,43.0,True,TN03D9766,0.955,TN03D9766,accepted,55.9
1240,258,car,1106,342,1226,449,,,,,,43.0,False,,,,,
1240,272,car,1175,353,1338,482,1205,434,1251,446,0.603,43.0,True,,,,no_text,13.3
1240,291,motorcycle,1396,355,1412,380,,,,,,43.0,False,,,,,
1240,294,motorcycle,1362,357,1382,390,,,,,,43.0,False,,,,,
1240,295,motorcycle,1267,398,1462,687,,,,,,43.0,False,,,,,
1245,4,auto,1428,295,1917,1005,1624,599,1712,653,0.745,43.4,True,TN03D9766,0.982,TN03D9766,accepted,55.4
1245,258,car,1085,342,1212,454,1185,438,1232,452,0.618,43.4,True,,,,no_text,31.4
1245,272,car,1149,351,1323,488,,,,,,43.4,False,,,,,
1245,295,motorcycle,1237,403,1436,695,,,,,,43.4,False,,,,,
1250,4,auto,1428,294,1918,1005,1623,596,1710,653,0.778,42.8,True,TN03D9766,0.983,TN03D9766,accepted,40.0
1250,258,car,1059,340,1193,460,1155,447,1201,460,0.502,42.8,True,,,,no_text,12.3
1250,272,car,1114,349,1303,497,,,,,,42.8,False,,,,,
1250,295,motorcycle,1181,424,1381,711,,,,,,42.8,False,,,,,
1250,291,motorcycle,1388,358,1405,385,,,,,,42.8,False,,,,,
1255,4,auto,1426,294,1917,1004,1623,596,1711,653,0.768,43.0,True,TN03D9766,0.987,TN03D9766,accepted,41.7
1255,258,car,1034,338,1179,467,,,,,,43.0,False,,,,,
1255,272,car,1080,348,1279,506,,,,,,43.0,False,,,,,
1255,295,motorcycle,1108,433,1322,731,,,,,,43.0,False,,,,,
1255,291,motorcycle,1386,360,1404,389,,,,,,43.0,False,,,,,
1255,294,motorcycle,1352,363,1376,401,,,,,,43.0,False,,,,,
1260,4,auto,1425,293,1917,1004,1623,594,1711,653,0.782,43.0,True,TN03D9766,0.981,TN03D9766,accepted,42.7
1260,258,car,1013,336,1172,475,,,,,,43.0,False,,,,,
1260,295,motorcycle,1027,430,1266,754,,,,,,43.0,False,,,,,
1260,291,motorcycle,1384,362,1403,391,,,,,,43.0,False,,,,,
1260,294,motorcycle,1349,364,1374,405,,,,,,43.0,False,,,,,
1260,288,car,1442,361,1480,389,,,,,,43.0,False,,,,,
1265,4,auto,1423,292,1917,1005,1625,598,1712,653,0.782,46.5,True,TN03D9766,0.940,TN03D9766,accepted,53.4
1265,258,car,983,328,1157,480,,,,,,46.5,False,,,,,
1265,295,motorcycle,952,434,1216,784,,,,,,46.5,False,,,,,
1265,291,motorcycle,1384,363,1403,394,,,,,,46.5,False,,,,,
1265,294,motorcycle,1347,366,1372,407,,,,,,46.5,False,,,,,
1265,288,car,1442,361,1480,389,,,,,,46.5,False,,,,,
1265,272,car,1014,326,1229,491,,,,,,46.5,False,,,,,
1270,4,auto,1423,293,1917,1005,1624,597,1712,652,0.786,43.2,True,TN03D9766,0.987,TN03D9766,accepted,55.4
1270,295,motorcycle,868,440,1166,829,,,,,,43.2,False,,,,,
1270,291,motorcycle,1383,365,1402,396,,,,,,43.2,False,,,,,
1270,294,motorcycle,1346,369,1371,410,,,,,,43.2,False,,,,,
1270,288,car,1443,361,1480,389,,,,,,43.2,False,,,,,
1270,272,car,955,327,1237,544,,,,,,43.2,False,,,,,
1275,4,auto,1423,291,1918,1005,1625,597,1712,652,0.786,43.1,True,TN03D9766,0.973,TN03D9766,accepted,39.9
1275,295,motorcycle,784,449,1119,887,843,613,946,656,0.422,43.1,True,3631,0.871,,rejected,27.6
1275,291,motorcycle,1382,368,1402,399,,,,,,43.1,False,,,,,
1275,294,motorcycle,1344,368,1370,412,,,,,,43.1,False,,,,,
1275,288,car,1444,361,1480,388,,,,,,43.1,False,,,,,
1275,272,car,882,323,1216,576,,,,,,43.1,False,,,,,
1280,4,auto,1423,290,1918,1004,1624,595,1711,650,0.783,43.0,True,TN03D9766,0.982,TN03D9766,accepted,40.3
1280,295,motorcycle,696,459,1082,971,776,647,900,697,0.548,43.0,True,TN05AT3631,0.949,TN05AT3631,accepted,28.3
1280,291,motorcycle,1380,367,1402,402,,,,,,43.0,False,,,,,
1280,294,motorcycle,1341,367,1369,413,,,,,,43.0,False,,,,,
1280,288,car,1445,360,1481,387,,,,,,43.0,False,,,,,
1280,272,car,900,327,1248,602,,,,,,43.0,False,,,,,
1285,4,auto,1423,289,1918,1001,1622,593,1709,648,0.788,42.8,True,TN03D9766,0.973,TN03D9766,accepted,39.3
1285,295,motorcycle,596,481,1019,1043,654,731,820,785,0.645,42.8,True,TN05AT3631,0.976,TN05AT3631,accepted,28.4
1285,291,motorcycle,1379,367,1401,403,,,,,,42.8,False,,,,,
1285,294,motorcycle,1339,366,1368,414,,,,,,42.8,False,,,,,
1285,272,car,856,324,1241,639,,,,,,42.8,False,,,,,
1290,4,auto,1423,289,1916,998,1619,596,1706,649,0.802,42.9,True,TN03D9766,0.981,TN03D9766,accepted,40.2
1290,295,motorcycle,500,510,934,1077,522,828,724,885,0.735,42.9,True,TN05AI3631,0.960,TN05AI3631,accepted,44.0
1290,291,motorcycle,1377,366,1400,404,,,,,,42.9,False,,,,,
1290,294,motorcycle,1336,366,1366,416,,,,,,42.9,False,,,,,
1290,272,car,795,322,1215,673,,,,,,42.9,False,,,,,
1290,230,motorcycle,305,280,1094,1073,,,,,,42.9,False,,,,,
1295,4,auto,1422,293,1913,996,1614,595,1702,648,0.781,43.0,True,TN03D9766,0.980,TN03D9766,accepted,52.5
1295,291,motorcycle,1374,367,1399,407,,,,,,43.0,False,,,,,
1295,294,motorcycle,1332,366,1363,419,,,,,,43.0,False,,,,,
1295,272,car,694,320,1169,722,,,,,,43.0,False,,,,,
1300,4,auto,1421,295,1911,994,1613,597,1700,650,0.781,43.1,True,TN03D9766,0.948,TN03D9766,accepted,40.4
1300,291,motorcycle,1373,369,1398,411,,,,,,43.1,False,,,,,
1300,294,motorcycle,1326,366,1360,423,,,,,,43.1,False,,,,,
1300,230,car,382,304,1034,915,451,661,628,718,0.765,43.1,True,TN976500,0.944,TN976500,accepted,29.7
1305,4,auto,1418,296,1912,998,1612,596,1699,650,0.787,43.9,True,TN03D9766,0.984,TN03D9766,accepted,39.7
1305,291,motorcycle,1371,371,1396,413,,,,,,43.9,False,,,,,
1305,294,motorcycle,1321,368,1355,427,,,,,,43.9,False,,,,,
1305,230,car,268,308,978,937,245,730,455,806,0.825,43.9,True,TN976500,0.988,TN976500,accepted,29.9
1310,4,auto,1417,292,1912,995,1612,596,1701,650,0.774,44.0,True,TN03D9766,0.986,TN03D9766,accepted,39.8
1310,291,motorcycle,1367,372,1394,416,,,,,,44.0,False,,,,,
1310,294,motorcycle,1309,368,1347,433,,,,,,44.0,False,,,,,
1310,230,car,110,303,943,1029,,,,,,44.0,False,,,,,
1315,4,auto,1417,293,1915,1001,1615,597,1703,651,0.784,44.2,True,TN03D9766,0.986,TN03D9766,accepted,40.2
1315,291,motorcycle,1364,373,1392,419,,,,,,44.2,False,,,,,
1315,294,motorcycle,1301,369,1341,438,,,,,,44.2,False,,,,,
1315,230,car,34,305,904,1062,,,,,,44.2,False,,,,,
1315,272,car,632,309,925,560,,,,,,44.2,False,,,,,
1320,4,auto,1415,291,1917,1002,1616,597,1705,651,0.769,44.0,True,TN03D9766,0.978,TN03D9766,accepted,40.7
1320,291,motorcycle,1361,373,1390,421,,,,,,44.0,False,,,,,
1320,294,motorcycle,1292,370,1334,442,,,,,,44.0,False,,,,,
1320,230,car,-21,303,851,1074,,,,,,44.0,False,,,,,
1320,308,car,1354,326,1385,353,,,,,,44.0,False,,,,,
1320,272,car,479,298,840,606,,,,,,44.0,False,,,,,
1325,4,auto,1414,292,1915,1001,1613,597,1701,651,0.788,44.5,True,TN03D9766,0.975,TN03D9766,accepted,40.0
1325,291,motorcycle,1352,373,1383,426,,,,,,44.5,False,,,,,
1325,294,motorcycle,1273,372,1319,451,,,,,,44.5,False,,,,,
1325,230,car,-74,289,791,1076,,,,,,44.5,False,,,,,
1325,308,car,1348,327,1379,356,,,,,,44.5,False,,,,,
1325,272,car,216,286,707,687,,,,,,44.5,False,,,,,
1325,295,car,-55,302,526,1088,,,,,,44.5,False,,,,,
